month_label,1Y,2Y,3Y,5Y,7Y,10Y,13Y,fiscal_year,2s10s_spread,2s10s_change,5s10s_spread,5s10s_change,lag_1_2s10s,lag_3_2s10s,lag_1_5s10s,lag_3_5s10s,rolling_vol_2s10s,rolling_vol_5s10s,future_2s10s,target_steepening_2s10s,future_5s10s,target_steepening_5s10s
Apr.,5.631727142857,6.226278514124,6.420150362785,6.802621769478,6.99738017292,7.079584532399,7.212281246835,2025-26,0.8533060182750001,,0.2769627629210003,,,,,,,,,0,,0
May,,,,,,,,2025-26,,,,,0.8533060182750001,,0.2769627629210003,,,,,0,,0
Jun.,,,,,,,,2025-26,,,,,,,,,,,,0,,0
Jul.,,,,,,,,2025-26,,,,,,0.8533060182750001,,0.2769627629210003,,,,0,,0
Aug.,,,,,,,,2025-26,,,,,,,,,,,,0,,0
Sep.,,,,,,,,2025-26,,,,,,,,,,,,0,,0
Oct.,,,,,,,,2025-26,,,,,,,,,,,,0,,0
Nov.,,,,,,,,2025-26,,,,,,,,,,,,0,,0
Dec.,,,,,,,,2025-26,,,,,,,,,,,,0,,0
Jan.,,,,,,,,2025-26,,,,,,,,,,,,0,,0
Feb.,,,,,,,,2025-26,,,,,,,,,,,,0,,0
Mar.,,,,,,,,2025-26,,,,,,,,,,,0.37034158576600085,0,0.28139449124300064,0
Apr.,6.030978113208,6.032608301887,6.052531770634,6.12155539641,6.292461019384,6.402949887653,6.444933229053,2024-25,0.37034158576600085,,0.28139449124300064,,,,,,,,0.5067740705969994,1,0.31974371523899947,1
May,5.653040202996,5.713300055178,5.7792522715,5.900330410536,6.092648050497,6.220074125775,6.401323784582,2024-25,0.5067740705969994,0.13643248483099857,0.31974371523899947,0.03834922399599883,0.37034158576600085,,0.28139449124300064,,,,0.6319405922670001,1,0.23933275352599992,0
Jun.,5.551022471184,5.736796498075,5.917811809782,6.129404336816,6.32162704241,6.368737090342,6.658583170051,2024-25,0.6319405922670001,0.12516652167000064,0.23933275352599992,-0.08041096171299955,0.5067740705969994,,0.31974371523899947,,0.1308399284535861,0.04021976198437475,0.679168424068,1,0.3391679586069998,1
Jul.,5.631112696507,5.744028451954,5.888192037663,6.084028917415,6.276500519031,6.423196876022,6.662083415553,2024-25,0.679168424068,0.047227831800999986,0.3391679586069998,0.09983520508099986,0.6319405922670001,0.37034158576600085,0.23933275352599992,0.28139449124300064,0.08908510851266009,0.05293123238000114,0.8359181040959998,1,0.2676841732630004,0
Aug.,5.650739866564,5.808755132744,6.033923033446,6.376989063577,6.607780850287,6.64467323684,6.920450487613,2024-25,0.8359181040959998,0.15674968002799972,0.2676841732630004,-0.07148378534399935,0.679168424068,0.5067740705969994,0.3391679586069998,0.31974371523899947,0.10677683551645888,0.05144706460977773,0.8082834177310003,0,0.39543869713299973,1
Sep.,5.634148649937,5.831895534426,5.86343197642,6.244740255024,6.532727624493,6.640178952157,6.847990166252,2024-25,0.8082834177310003,-0.02763468636499944,0.39543869713299973,0.1277545238699993,0.8359181040959998,0.6319405922670001,0.2676841732630004,0.23933275352599992,0.08367080301989925,0.06402804847697435,0.9430645366780004,1,0.3795899601909998,0
Oct.,5.6482125,5.68209712857,5.9194567179,6.245571705057,6.469313132517,6.625161665248,6.887297955271,2024-25,0.9430645366780004,0.13478111894700007,0.3795899601909998,-0.015848736941999952,0.8082834177310003,0.679168424068,0.39543869713299973,0.3391679586069998,0.07119220922983352,0.06963632430932597,0.8210660629520001,0,0.34706691147500024,0
Nov.,5.53976428343,5.781710536303,5.821505967477,6.25570968778,6.519390481523,6.602776599255,6.883979182927,2024-25,0.8210660629520001,-0.12199847372600026,0.34706691147500024,-0.032523048715999536,0.9430645366780004,0.8359181040959998,0.3795899601909998,0.2676841732630004,0.07440091132385944,0.024660227115010674,0.8490867520000007,1,0.2647445941740001,0
Dec.,5.54782037037,5.80995077193,5.886644044555,6.394292929756,6.619061650837,6.65903752393,6.903271181852,2024-25,0.8490867520000007,0.02802068904800059,0.2647445941740001,-0.08232231730100015,0.8210660629520001,0.8082834177310003,0.34706691147500024,0.39543869713299973,0.06390176134659444,0.05919483468339736,0.9724585165379995,1,0.31090618852999974,1
Jan.,5.639484037086,5.807266435184,6.026217382327,6.468818763192,6.678831794484,6.779724951722,7.021873144736,2024-25,0.9724585165379995,0.12337176453799881,0.31090618852999974,0.04616159435599965,0.8490867520000007,0.9430645366780004,0.2647445941740001,0.3795899601909998,0.08054545952724773,0.041262280198747094,1.0534258116890003,1,0.3795213362460004,1
Feb.,5.496072660424,5.658489884104,5.91286195218,6.332394359547,6.579073498115,6.711915695793,6.921550410921,2024-25,1.0534258116890003,0.08096729515100076,0.3795213362460004,0.06861514771600064,0.9724585165379995,0.8210660629520001,0.31090618852999974,0.34706691147500024,0.10290023200805809,0.05775325648861563,0.7383367696229994,0,0.23890091886099984,0
Mar.,5.648518252702,6.339882250127,6.484306393104,6.839318100889,6.96902599781,7.07821901975,7.234735644212,2024-25,0.7383367696229994,-0.31508904206600086,0.23890091886099984,-0.14062041738500053,1.0534258116890003,0.8490867520000007,0.3795213362460004,0.2647445941740001,0.1636305797075996,0.07031701920792453,0.05510899999999985,0,-0.020925000000000082,0
Apr.,7.073541,7.120205,7.18075,7.196239,7.207184,7.175314,7.236305,2023-24,0.05510899999999985,-0.6832277696229996,-0.020925000000000082,-0.2598259188609999,0.7383367696229994,0.9724585165379995,0.23890091886099984,0.31090618852999974,0.510345919632782,0.20315875488163582,0.001200000000000756,0,-0.03200000000000003,0
May,7.0145,7.0055,7.0394,7.0387,7.0585,7.0067,7.0685,2023-24,0.001200000000000756,-0.0539089999999991,-0.03200000000000003,-0.011074999999999946,0.05510899999999985,1.0534258116890003,-0.020925000000000082,0.3795213362460004,0.4109089482669789,0.15330768168223932,0.08410000000000029,1,0.025100000000000122,1
Jun.,6.9338,6.9639,6.98,7.0229,7.0202,7.048,7.0434,2023-24,0.08410000000000029,0.08289999999999953,0.025100000000000122,0.05710000000000015,0.001200000000000756,0.7383367696229994,-0.03200000000000003,0.23890091886099984,0.042069522543047654,0.030280263786829898,0.14389999999999947,1,0.13369999999999926,1
Jul.,6.7992,6.8334,6.8427,6.8436,6.9192,6.9773,6.9782,2023-24,0.14389999999999947,0.05979999999999919,0.13369999999999926,0.10859999999999914,0.08410000000000029,0.05510899999999985,0.025100000000000122,-0.020925000000000082,0.07166093775551594,0.0841732934684943,0.14800000000000058,1,0.09872700000000023,0
Aug.,6.742016,6.755532,6.759887,6.804805,6.854193,6.903532,6.919403,2023-24,0.14800000000000058,0.004100000000001103,0.09872700000000023,-0.03497299999999903,0.14389999999999947,0.001200000000000756,0.13369999999999926,-0.03200000000000003,0.03576790926701398,0.0554346550123052,0.11230093576000044,0,0.09384552615300024,0
Sep.,6.630974829932,6.659950297619,6.667973591869,6.678405707226,6.715789765977,6.772251233379,6.798759370336,2023-24,0.11230093576000044,-0.03569906424000013,0.09384552615300024,-0.004881473846999995,0.14800000000000058,0.08410000000000029,0.09872700000000023,0.025100000000000122,0.019535156549391378,0.021738286506913757,0.1414501727349995,1,0.05767831644600019,0
Oct.,6.62610545802,6.696814170627,6.748315294472,6.780586026916,6.812786825059,6.838264343362,6.880543552291,2023-24,0.1414501727349995,0.02914923697499905,0.05767831644600019,-0.03616720970700005,0.11230093576000044,0.14389999999999947,0.09384552615300024,0.13369999999999926,0.019004391777682084,0.022423537731683846,0.08268547435300011,0,0.04186651999799995,0
Nov.,6.693807414999,6.702348247465,6.694648899166,6.74316720182,6.807208806047,6.785033721818,6.891415151908,2023-24,0.08268547435300011,-0.05876469838199938,0.04186651999799995,-0.015811796448000237,0.1414501727349995,0.14800000000000058,0.05767831644600019,0.09872700000000023,0.029382657431727934,0.026645503203369548,0.0767516037910001,0,0.0589984326959998,1
Dec.,6.664394120687,6.699622222222,6.704347417732,6.717375393317,6.799490472217,6.776373826013,6.888070951582,2023-24,0.0767516037910001,-0.00593387056200001,0.0589984326959998,0.01713191269799985,0.08268547435300011,0.11230093576000044,0.04186651999799995,0.09384552615300024,0.03576405415864626,0.009532908322563335,0.14970212562100027,1,0.058900367675000176,0
Jan.,6.58402964579,6.558008217564,6.626136821392,6.64880997551,6.739541462959,6.707710343185,6.832944853003,2023-24,0.14970212562100027,0.07295052183000017,0.058900367675000176,-9.8065020999627e-05,0.0767516037910001,0.1414501727349995,0.0589984326959998,0.05767831644600019,0.04051382686255145,0.009862927355535877,0.18295327956799934,1,0.09093024853699916,1
Feb.,6.536496916561,6.561394909726,6.580327338742,6.653417940757,6.732147732645,6.744348189294,6.900698676907,2023-24,0.18295327956799934,0.03325115394699907,0.09093024853699916,0.03202988086199898,0.14970212562100027,0.08268547435300011,0.058900367675000176,0.04186651999799995,0.05432343541529652,0.018464216508721605,0.18533131062699937,1,0.13493457528200015,1
Mar.,6.415465013682,6.429278834267,6.437541584437,6.479675569612,6.549521272265,6.614610144894,6.691116352197,2023-24,0.18533131062699937,0.0023780310590000298,0.13493457528200015,0.04400432674500099,0.18295327956799934,0.0767516037910001,0.09093024853699916,0.0589984326959998,0.019919559460977204,0.038173932569095355,0.2740940000000007,1,0.15144300000000044,1
Apr.,6.988946,6.903496,6.960716,7.026147,7.110339,7.17759,7.225742,2022-23,0.2740940000000007,0.08876268937300136,0.15144300000000044,0.016508424718000292,0.18533131062699937,0.14970212562100027,0.13493457528200015,0.058900367675000176,0.05194725045227749,0.03128019061262701,0.16576199999999996,0,0.10734400000000033,0
May,6.9514,6.891743,6.884893,6.950161,6.982392,7.057505,7.081839,2022-23,0.16576199999999996,-0.10833200000000076,0.10734400000000033,-0.04409900000000011,0.2740940000000007,0.18295327956799934,0.15144300000000044,0.09093024853699916,0.05773155573737269,0.022280371526157323,0.14458700000000047,0,0.05126900000000045,0
Jun.,6.853243,6.982213,7.032764,7.075531,7.107419,7.1268,7.202178,2022-23,0.14458700000000047,-0.0211749999999995,0.05126900000000045,-0.056074999999999875,0.16576199999999996,0.18533131062699937,0.10734400000000033,0.13493457528200015,0.06946973669399785,0.050206171104755636,0.12266500000000047,0,0.03407099999999996,0
Jul.,6.885552,7.075772,7.131151,7.164366,7.193096,7.198437,7.285873,2022-23,0.12266500000000047,-0.021921999999999997,0.03407099999999996,-0.01719800000000049,0.14458700000000047,0.2740940000000007,0.05126900000000045,0.15144300000000044,0.021549578951803497,0.03831690087937705,0.026478999999999253,0,-0.016808000000000156,0
Aug.,6.987909,7.130448,7.165493,7.173735,7.182746,7.156927,7.237091,2022-23,0.026478999999999253,-0.09618600000000121,-0.016808000000000156,-0.05087900000000012,0.12266500000000047,0.16576199999999996,0.03407099999999996,0.10734400000000033,0.06282491589595202,0.035399910014010084,0.04082800000000031,1,-0.0049949999999991945,1
Sep.,7.060395,7.196422,7.260202,7.242245,7.244496,7.23725,7.331287,2022-23,0.04082800000000031,0.014349000000001055,-0.0049949999999991945,0.011813000000000962,0.026478999999999253,0.14458700000000047,-0.016808000000000156,0.05126900000000045,0.051889200812886616,0.026628218008971593,0.037219000000000335,0,0.0278179999999999,1
Oct.,7.114156,7.340045,7.346233,7.349446,7.387747,7.377264,7.442223,2022-23,0.037219000000000335,-0.0036089999999999733,0.0278179999999999,0.03281299999999909,0.04082800000000031,0.12266500000000047,-0.0049949999999991945,0.03407099999999996,0.007463983319919336,0.02312185046660378,0.0645579999999999,1,0.07091600000000042,1
Nov.,7.125975,7.25203,7.260711,7.245672,7.303148,7.316588,7.390639,2022-23,0.0645579999999999,0.027338999999999558,0.07091600000000042,0.043098000000000525,0.037219000000000335,0.026478999999999253,0.0278179999999999,-0.016808000000000156,0.014852377486450359,0.03807144707432743,0.12523200000000045,1,0.11412800000000001,1
Dec.,7.085487,7.078866,7.081939,7.08997,7.149076,7.204098,7.303592,2022-23,0.12523200000000045,0.06067400000000056,0.11412800000000001,0.043211999999999584,0.0645579999999999,0.04082800000000031,0.07091600000000042,-0.0049949999999991945,0.04504635273064145,0.04315501254779103,0.1613850000000001,1,0.10755099999999995,0
Jan.,7.088609,7.001627,7.027758,7.055461,7.114699,7.163012,7.216645,2022-23,0.1613850000000001,0.03615299999999966,0.10755099999999995,-0.006577000000000055,0.12523200000000045,0.037219000000000335,0.11412800000000001,0.0278179999999999,0.04892824953269197,0.023283245399499608,0.051102999999999454,0,0.002913999999999639,0
Feb.,7.130277,7.031309,7.060646,7.079498,7.074244,7.082412,7.12495,2022-23,0.051102999999999454,-0.11028200000000066,0.002913999999999639,-0.10463700000000031,0.1613850000000001,0.0645579999999999,0.10755099999999995,0.07091600000000042,0.056220203328815894,0.06239753266222434,-0.04222500000000018,0,0.020976000000000106,1
Mar.,7.144065,7.108949,7.046107,7.045748,7.073053,7.066724,7.094909,2022-23,-0.04222500000000018,-0.09332799999999963,0.020976000000000106,0.018062000000000467,0.051102999999999454,0.12523200000000045,0.002913999999999639,0.11412800000000001,0.1019225745423132,0.05593205437254505,1.47398,1,0.34902999999999995,1
Apr.,4.85286,5.70293,6.16814,6.82788,7.08225,7.17691,7.30571,2021-22,1.47398,1.5162050000000002,0.34902999999999995,0.32805399999999985,-0.04222500000000018,0.1613850000000001,0.020976000000000106,0.10755099999999995,0.8497221776104237,0.1948255408547179,0.7889399999999993,0,0.22255000000000003,0
May,6.0761,6.68714,6.9433,7.25353,7.32578,7.47608,7.57695,2021-22,0.7889399999999993,-0.6850400000000008,0.22255000000000003,-0.12647999999999993,1.47398,0.051102999999999454,0.34902999999999995,0.002913999999999639,0.7592751654099675,0.16545326368897448,0.7013400000000001,0,0.13755000000000006,0
Jun.,6.30482,6.67624,6.96249,7.24003,7.36819,7.37758,7.54203,2021-22,0.7013400000000001,-0.08759999999999923,0.13755000000000006,-0.08499999999999996,0.7889399999999993,-0.04222500000000018,0.22255000000000003,0.020976000000000106,0.4230693661012736,0.10641583591427235,0.8335699999999999,1,0.2791199999999998,1
Jul.,6.21816,6.59031,6.76855,7.14476,7.22212,7.42388,7.47558,2021-22,0.8335699999999999,0.13222999999999985,0.2791199999999998,0.14156999999999975,0.7013400000000001,1.47398,0.13755000000000006,0.34902999999999995,0.06726857835076705,0.07125918630838646,0.5830899999999994,0,0.16395999999999944,0
Aug.,6.34469,6.62483,6.82183,7.04396,7.13848,7.20792,7.28357,2021-22,0.5830899999999994,-0.2504800000000005,0.16395999999999944,-0.11516000000000037,0.8335699999999999,0.7889399999999993,0.2791199999999998,0.22255000000000003,0.12530500508758632,0.0752787913912899,0.6353,1,0.16215000000000046,0
Sep.,6.82142,6.82052,7.0131,7.29367,7.36643,7.45582,7.47981,2021-22,0.6353,0.052210000000000534,0.16215000000000046,-0.001809999999998979,0.5830899999999994,0.7013400000000001,0.16395999999999944,0.13755000000000006,0.1321470818192114,0.06701626991509849,0.40327,0,-0.03524999999999956,0
Oct.,6.82729,7.0369,7.22594,7.47542,7.43048,7.44017,7.52106,2021-22,0.40327,-0.23202999999999996,-0.03524999999999956,-0.19740000000000002,0.6353,0.8335699999999999,0.16215000000000046,0.2791199999999998,0.12172307190230316,0.11449502187140394,0.30820000000000025,0,0.13033999999999946,1
Nov.,6.86384,7.00224,7.05561,7.1801,7.27611,7.31044,7.36698,2021-22,0.30820000000000025,-0.09506999999999977,0.13033999999999946,0.16558999999999902,0.40327,0.5830899999999994,-0.03524999999999956,0.16395999999999944,0.16826102529502562,0.10598638607544503,0.3266,1,0.06180000000000074,0
Dec.,6.7763,7.0044,7.0966,7.2692,7.3111,7.331,7.4031,2021-22,0.3266,0.01839999999999975,0.06180000000000074,-0.06853999999999871,0.30820000000000025,0.6353,0.13033999999999946,0.16215000000000046,0.05042346312316599,0.08320304701952479,0.33389999999999986,1,0.046299999999999564,0
Jan.,6.9808,7.0442,7.1178,7.3318,7.3404,7.3781,7.4491,2021-22,0.33389999999999986,0.007299999999999862,0.046299999999999564,-0.01550000000000118,0.3266,0.40327,0.06180000000000074,-0.03524999999999956,0.013243488966278862,0.04472266986663441,0.10650000000000048,0,0.021399999999999864,0
Feb.,7.321,7.3347,7.3843,7.4198,7.4116,7.4412,7.4678,2021-22,0.10650000000000048,-0.22739999999999938,0.021399999999999864,-0.0248999999999997,0.33389999999999986,0.30820000000000025,0.046299999999999564,0.13033999999999946,0.12923367724139556,0.02038144581067154,0.27669999999999995,1,0.16199999999999992,1
Mar.,7.1926,7.0666,7.1504,7.1813,7.2342,7.3433,7.3548,2021-22,0.27669999999999995,0.17019999999999946,0.16199999999999992,0.14060000000000006,0.10650000000000048,0.3266,0.021399999999999864,0.06180000000000074,0.11828682654181405,0.07502761713751371,2.0987999999999998,1,0.6727999999999996,1
Apr.,3.8038,4.2579,4.8968,5.6839,6.2178,6.3567,6.6687,2020-21,2.0987999999999998,1.8220999999999998,0.6727999999999996,0.5107999999999997,0.27669999999999995,0.33389999999999986,0.16199999999999992,0.046299999999999564,1.104406004752479,0.3427844220497774,1.88936,0,0.5985499999999995,0
May,3.90921,4.36907,4.85644,5.65988,6.24015,6.25843,6.63069,2020-21,1.88936,-0.20943999999999985,0.5985499999999995,-0.07425000000000015,2.0987999999999998,0.10650000000000048,0.6727999999999996,0.021399999999999864,0.9970444489590222,0.2759847836989084,1.8226500000000003,0,0.5893000000000006,0
Jun.,4.05553,4.57015,5.12149,5.8035,6.34695,6.3928,6.69893,2020-21,1.8226500000000003,-0.0667099999999996,0.5893000000000006,-0.00924999999999887,1.88936,0.27669999999999995,0.5985499999999995,0.16199999999999992,0.14409149882395553,0.04577276300741909,1.8820300000000003,1,0.3940400000000004,0
Jul.,3.81018,4.34746,4.94329,5.83545,6.38605,6.22949,6.85258,2020-21,1.8820300000000003,0.05937999999999999,0.3940400000000004,-0.1952600000000002,1.8226500000000003,2.0987999999999998,0.5893000000000006,0.6727999999999996,0.03658309582307965,0.11549629878629589,2.1507000000000005,1,0.6147,1
Aug.,3.6854,4.2207,4.7986,5.7567,6.1899,6.3714,6.7526,2020-21,2.1507000000000005,0.2686700000000002,0.6147,0.22065999999999963,1.8820300000000003,1.88936,0.3940400000000004,0.5985499999999995,0.17479814825487733,0.120735567253399,1.7839999999999998,0,0.5019999999999998,0
Sep.,3.926,4.4982,4.9916,5.7802,6.1582,6.2822,6.6659,2020-21,1.7839999999999998,-0.3667000000000007,0.5019999999999998,-0.11270000000000024,2.1507000000000005,1.8226500000000003,0.6147,0.5893000000000006,0.189851845658663,0.11033848467329979,1.7625000000000002,0,0.5773999999999999,1
Oct.,4.1195,4.7094,5.1579,5.8945,6.2584,6.4719,6.8064,2020-21,1.7625000000000002,-0.02149999999999963,0.5773999999999999,0.07540000000000013,1.7839999999999998,1.8820300000000003,0.5019999999999998,0.3940400000000004,0.21818584585929057,0.05741332597925389,1.7018200000000006,0,0.5662900000000004,0
Nov.,4.21838,4.68059,5.1104,5.81612,6.16498,6.38241,6.7212,2020-21,1.7018200000000006,-0.06067999999999962,0.5662900000000004,-0.01110999999999951,1.7625000000000002,2.1507000000000005,0.5773999999999999,0.6147,0.04261819799100456,0.040705847655262035,1.50983,0,0.5089500000000005,0
Dec.,4.34963,5.01356,5.40948,6.01444,6.40987,6.52339,6.85136,2020-21,1.50983,-0.19199000000000055,0.5089500000000005,-0.05733999999999995,1.7018200000000006,1.7839999999999998,0.5662900000000004,0.5019999999999998,0.13189917323471162,0.03673488396606197,1.6849999999999996,1,0.5685399999999996,1
Jan.,4.44251,5.04281,5.49574,6.15927,6.5738,6.72781,7.09013,2020-21,1.6849999999999996,0.1751699999999996,0.5685399999999996,0.059589999999999144,1.50983,1.7625000000000002,0.5089500000000005,0.5773999999999999,0.10632309360310091,0.03377352562782523,1.8137299999999996,1,0.5845799999999999,1
Feb.,4.54092,5.00201,5.43264,6.23116,6.7132,6.81574,7.05945,2020-21,1.8137299999999996,0.12873,0.5845799999999999,0.016040000000000276,1.6849999999999996,1.7018200000000006,0.5685399999999996,0.5662900000000004,0.15254024157579002,0.03985002425762568,1.7026399999999997,0,0.5397600000000002,0
Mar.,4.53923,5.13363,5.57761,6.29651,6.72767,6.83627,7.15883,2020-21,1.7026399999999997,-0.11108999999999991,0.5397600000000002,-0.04481999999999964,1.8137299999999996,1.50983,0.5845799999999999,0.5089500000000005,0.06978964894596111,0.022709771758724805,2.2255700000000003,1,0.8083900000000002,1
Apr.,4.01905,4.32381,4.74983,5.74099,6.13093,6.54938,6.53095,2019-20,2.2255700000000003,0.5229300000000006,0.8083900000000002,0.2686299999999999,1.7026399999999997,1.6849999999999996,0.5397600000000002,0.5685399999999996,0.27550225607061885,0.14391075093033667,1.6505,0,0.30459999999999976,0
May,3.7453,4.1219,4.6789,5.4678,5.9689,5.7724,6.3107,2019-20,1.6505,-0.5750700000000002,0.30459999999999976,-0.5037900000000004,2.2255700000000003,1.8137299999999996,0.8083900000000002,0.5845799999999999,0.31803560319561824,0.25208023411868985,1.8740999999999994,1,0.6525999999999996,1
Jun.,3.8273,4.1069,4.513,5.3284,5.8937,5.981,6.3492,2019-20,1.8740999999999994,0.22359999999999935,0.6525999999999996,0.34799999999999986,1.6505,1.7026399999999997,0.30459999999999976,0.5397600000000002,0.28989470094041747,0.2579337409103356,1.5011999999999999,0,0.5640000000000001,0
Jul.,3.5965,4.1921,4.6138,5.1293,5.8029,5.6933,6.3192,2019-20,1.5011999999999999,-0.37289999999999957,0.5640000000000001,-0.08859999999999957,1.8740999999999994,2.2255700000000003,0.6525999999999996,0.8083900000000002,0.18767962951086,0.18085091465993028,1.8253399999999997,1,0.5524800000000001,0
Aug.,3.77893,4.27808,4.82895,5.55094,6.19043,6.10342,6.49302,2019-20,1.8253399999999997,0.3241399999999999,0.5524800000000001,-0.011519999999999975,1.5011999999999999,1.6505,0.5640000000000001,0.30459999999999976,0.20268970011654203,0.0547824254057206,1.7734100000000002,0,0.5521399999999996,0
Sep.,3.84893,4.32902,4.91025,5.55029,6.11727,6.10243,6.49399,2019-20,1.7734100000000002,-0.05192999999999959,0.5521399999999996,-0.00034000000000045105,1.8253399999999997,1.8740999999999994,0.5524800000000001,0.6525999999999996,0.1740985107154389,0.006751365294025593,1.6083399999999992,0,0.5929099999999998,1
Oct.,3.61273,4.27385,4.59032,5.28928,5.86353,5.88219,6.39206,2019-20,1.6083399999999992,-0.16507000000000094,0.5929099999999998,0.040770000000000195,1.7734100000000002,1.5011999999999999,0.5521399999999996,0.5640000000000001,0.11330918600596288,0.02344103737750042,1.9238000000000004,1,0.7620000000000005,1
Nov.,3.461,3.911,4.3409,5.0728,5.7774,5.8348,6.2415,2019-20,1.9238000000000004,0.3154600000000012,0.7620000000000005,0.16909000000000063,1.6083399999999992,1.8253399999999997,0.5929099999999998,0.5524800000000001,0.15778691781429163,0.11127656282134829,2.1077999999999997,1,0.7538,0
Dec.,3.6058,3.8756,4.3745,5.2296,5.727,5.9834,6.2366,2019-20,2.1077999999999997,0.18399999999999928,0.7538,-0.00820000000000043,1.9238000000000004,1.7734100000000002,0.7620000000000005,0.5521399999999996,0.25259694614147804,0.09534521505211169,1.7372999999999994,0,0.6978999999999997,0
Jan.,3.8744,4.3337,4.6971,5.3731,5.8642,6.071,6.3477,2019-20,1.7372999999999994,-0.3705000000000003,0.6978999999999997,-0.05590000000000028,2.1077999999999997,1.6083399999999992,0.7538,0.5929099999999998,0.18525140575265284,0.034882803786394044,1.9034000000000004,1,0.4731000000000005,0
Feb.,3.9542,4.4338,4.9689,5.8641,6.4068,6.3372,6.647,2019-20,1.9034000000000004,0.16610000000000102,0.4731000000000005,-0.22479999999999922,1.7372999999999994,1.9238000000000004,0.6978999999999997,0.7620000000000005,0.18557964148401085,0.14857789202973617,1.9152000000000005,1,0.42459999999999987,0
Mar.,3.7993,4.4689,5.0605,5.9595,6.3466,6.3841,6.7331,2019-20,1.9152000000000005,0.011800000000000033,0.42459999999999987,-0.048500000000000654,1.9034000000000004,2.1077999999999997,0.4731000000000005,0.7538,0.09947936134361766,0.14581962602247103,0.6575000000000006,0,0.09830000000000005,0
Apr.,6.6429,6.8062,6.9988,7.3654,7.53,7.4637,7.7046,2018-19,0.6575000000000006,-1.2576999999999998,0.09830000000000005,-0.3262999999999998,1.9152000000000005,1.7372999999999994,0.42459999999999987,0.6978999999999997,0.7227511489671485,0.20383775410850682,0.6495999999999995,0,0.19229999999999947,1
May,6.3412,6.4759,6.6544,6.9332,7.0423,7.1255,7.2877,2018-19,0.6495999999999995,-0.007900000000001128,0.19229999999999947,0.09399999999999942,0.6575000000000006,1.9034000000000004,0.09830000000000005,0.4731000000000005,0.728424676957062,0.16796377585658173,0.5603499999999997,0,0.05844000000000005,0
Jun.,6.19847,6.37357,6.54247,6.87548,6.95418,6.93392,7.034,2018-19,0.5603499999999997,-0.08924999999999983,0.05844000000000005,-0.13385999999999942,0.6495999999999995,1.9152000000000005,0.19229999999999947,0.42459999999999987,0.05395383057145024,0.06873053566889557,0.4974499999999997,0,0.16793000000000013,1
Jul.,5.97479,6.07838,6.18318,6.4079,6.59875,6.57583,6.78213,2018-19,0.4974499999999997,-0.06289999999999996,0.16793000000000013,0.10949000000000009,0.5603499999999997,0.6575000000000006,0.05844000000000005,0.09830000000000005,0.07645433822441122,0.07129803246467144,0.8274099999999995,1,0.32559999999999967,1
Aug.,5.76184,5.87847,6.04245,6.38028,6.51343,6.70588,6.86794,2018-19,0.8274099999999995,0.3299599999999998,0.32559999999999967,0.15766999999999953,0.4974499999999997,0.6495999999999995,0.16793000000000013,0.19229999999999947,0.17519087457208696,0.13430211874724832,0.92903,1,0.33303999999999956,1
Sep.,5.72214,5.90177,6.12431,6.49776,6.74463,6.8308,7.08651,2018-19,0.92903,0.10162000000000049,0.33303999999999956,0.007439999999999891,0.8274099999999995,0.5603499999999997,0.32559999999999967,0.05844000000000005,0.2256330067462048,0.09325278780461912,1.15916,1,0.48102,1
Oct.,5.44176,5.70694,5.9242,6.38508,6.69267,6.8661,7.05139,2018-19,1.15916,0.23012999999999995,0.48102,0.14798000000000044,0.92903,0.4974499999999997,0.33303999999999956,0.16793000000000013,0.1699727938033999,0.08766300093730202,0.94299,0,0.2049599999999998,0
Nov.,5.34588,5.64759,5.92413,6.38562,6.58735,6.59058,7.05006,2018-19,0.94299,-0.21616999999999997,0.2049599999999998,-0.2760600000000002,1.15916,0.8274099999999995,0.48102,0.32559999999999967,0.12902465358733992,0.1381494905286784,0.9206099999999999,0,0.29641999999999946,1
Dec.,5.64369,5.99707,6.26953,6.62126,6.85198,6.91768,7.01709,2018-19,0.9206099999999999,-0.022380000000000067,0.29641999999999946,0.09145999999999965,0.94299,0.92903,0.2049599999999998,0.33303999999999956,0.13174244810740796,0.14062433122803966,0.9941400000000007,1,0.3126100000000003,1
Jan.,5.50305,5.84763,6.15717,6.52916,6.70223,6.84177,7.05019,2018-19,0.9941400000000007,0.07353000000000076,0.3126100000000003,0.016190000000000815,0.9206099999999999,1.15916,0.29641999999999946,0.48102,0.03769139556980799,0.0580453417596972,1.19245,1,0.47886000000000006,1
Feb.,5.23784,5.45739,5.61764,6.17098,6.50975,6.64984,6.74378,2018-19,1.19245,0.19830999999999932,0.47886000000000006,0.1662499999999998,0.9941400000000007,0.94299,0.3126100000000003,0.2049599999999998,0.14061205650061828,0.10098311096416106,1.6067999999999998,1,0.5773999999999999,1
Mar.,4.7689,5.1277,5.3678,6.1571,6.4545,6.7345,6.7545,2018-19,1.6067999999999998,0.4143499999999998,0.5773999999999999,0.09853999999999985,1.19245,0.9206099999999999,0.47886000000000006,0.29641999999999946,0.31261399366204473,0.13383007771050567,0.3626000000000005,0,0.06040000000000045,0
Apr.,7.1106,7.4387,7.6059,7.7409,7.8992,7.8013,8.0136,2017-18,0.3626000000000005,-1.2441999999999993,0.06040000000000045,-0.5169999999999995,1.6067999999999998,0.9941400000000007,0.5773999999999999,0.3126100000000003,0.6335574934447538,0.2745019438911132,0.4634999999999998,1,-0.0818999999999992,0
May,7.057,7.4687,7.8441,8.0141,8.0466,7.9322,8.0012,2017-18,0.4634999999999998,0.10089999999999932,-0.0818999999999992,-0.14229999999999965,0.3626000000000005,1.19245,0.06040000000000045,0.47886000000000006,0.6910558756955419,0.346942545675793,0.3594999999999997,0,-0.016899999999999693,1
Jun.,7.2012,7.636,7.786,8.0124,8.1861,7.9955,7.9549,2017-18,0.3594999999999997,-0.10400000000000009,-0.016899999999999693,0.0649999999999995,0.4634999999999998,1.6067999999999998,-0.0818999999999992,0.5773999999999999,0.059169840290462024,0.0712385429384963,0.17130000000000045,0,-0.26589999999999936,0
Jul.,7.2655,7.5699,7.7014,8.0071,8.0326,7.7412,7.9855,2017-18,0.17130000000000045,-0.18819999999999926,-0.26589999999999936,-0.24899999999999967,0.3594999999999997,0.3626000000000005,-0.016899999999999693,0.06040000000000045,0.1481081136647549,0.1291523647996168,0.28329999999999966,1,-0.015000000000000568,1
Aug.,7.4005,7.7289,7.8913,8.0272,8.083,8.0122,8.124,2017-18,0.28329999999999966,0.11199999999999921,-0.015000000000000568,0.2508999999999988,0.17130000000000045,0.4634999999999998,-0.26589999999999936,-0.0818999999999992,0.09466579811807391,0.1443118267271716,0.10760000000000058,0,-0.13929999999999865,0
Sep.,7.6722,7.905,8.0066,8.1519,8.1383,8.0126,8.1039,2017-18,0.10760000000000058,-0.17569999999999908,-0.13929999999999865,-0.12429999999999808,0.28329999999999966,0.3594999999999997,-0.015000000000000568,-0.016899999999999693,0.08894959246673642,0.12545175699579966,0.19479999999999986,1,-0.0039999999999995595,1
Oct.,7.4733,7.6455,7.661,7.8443,7.8879,7.8403,7.9198,2017-18,0.19479999999999986,0.08719999999999928,-0.0039999999999995595,0.1352999999999991,0.10760000000000058,0.17130000000000045,-0.13929999999999865,-0.26589999999999936,0.08785080155201681,0.07514162184391027,0.3882000000000003,1,0.1999000000000004,1
Nov.,7.1888,7.2999,7.3835,7.4882,7.5786,7.6881,7.7186,2017-18,0.3882000000000003,0.19340000000000046,0.1999000000000004,0.20389999999999997,0.19479999999999986,0.28329999999999966,-0.0039999999999995595,-0.015000000000000568,0.14361044530255662,0.17075222790152164,0.47085000000000043,1,0.19656000000000073,0
Dec.,6.76307,6.96629,7.12935,7.24058,7.37998,7.43714,7.53044,2017-18,0.47085000000000043,0.08265000000000011,0.19656000000000073,-0.0033399999999996766,0.3882000000000003,0.10760000000000058,0.1999000000000004,-0.13929999999999865,0.1416793239443645,0.11676948745284461,0.3776899999999994,0,0.029639999999999667,0
Jan.,6.7788,6.90826,7.04392,7.25631,7.44674,7.28595,7.63594,2017-18,0.3776899999999994,-0.09316000000000102,0.029639999999999667,-0.16692000000000107,0.47085000000000043,0.19479999999999986,0.19656000000000073,-0.0039999999999995595,0.05102330872583821,0.09734980705339612,0.7298499999999999,1,0.26114999999999977,1
Feb.,6.54563,6.72503,6.86747,7.19373,7.47175,7.45488,7.80061,2017-18,0.7298499999999999,0.3521600000000005,0.26114999999999977,0.2315100000000001,0.3776899999999994,0.3882000000000003,0.029639999999999667,0.1999000000000004,0.18247212170630064,0.11946480276633813,0.8361999999999998,1,0.4051,1
Mar.,6.367,6.5339,6.6634,6.965,7.3364,7.3701,7.5996,2017-18,0.8361999999999998,0.10634999999999994,0.4051,0.14395000000000024,0.7298499999999999,0.47085000000000043,0.26114999999999977,0.19656000000000073,0.23998555796825052,0.18942399276050914,0.44351999999999947,0,0.3273199999999994,0
Apr.,6.7619,6.77198,6.91466,6.88818,7.1564,7.2155,7.40111,2016-17,0.44351999999999947,-0.39268000000000036,0.3273199999999994,-0.07778000000000063,0.8361999999999998,0.3776899999999994,0.4051,0.029639999999999667,0.20309799514848126,0.07205298952854107,-0.057299999999999685,0,-0.39869999999999983,0
May,6.5517,6.5684,6.772,6.9098,7.0629,6.5111,7.1025,2016-17,-0.057299999999999685,-0.5008199999999992,-0.39869999999999983,-0.7260199999999992,0.44351999999999947,0.7298499999999999,0.3273199999999994,0.26114999999999977,0.44783935080934084,0.4433300517673032,-0.009400000000000297,1,0.015200000000000102,1
Jun.,6.5393,6.5993,6.5753,6.5747,6.9316,6.5899,7.0257,2016-17,-0.009400000000000297,0.04789999999999939,0.015200000000000102,0.41389999999999993,-0.057299999999999685,0.8361999999999998,-0.39869999999999983,0.4051,0.2763607572238352,0.36419709517421067,0.01980000000000004,1,-0.14789999999999992,0
Jul.,6.4633,6.5323,6.5098,6.7,6.9313,6.5521,7.1356,2016-17,0.01980000000000004,0.029200000000000337,-0.14789999999999992,-0.16310000000000002,-0.009400000000000297,0.44351999999999947,0.015200000000000102,0.3273199999999994,0.038926126616085986,0.20849278964351095,0.07929999999999993,1,-0.14029999999999987,1
Aug.,6.2671,6.4633,6.4642,6.6829,6.87,6.5426,7.3547,2016-17,0.07929999999999993,0.059499999999999886,-0.14029999999999987,0.007600000000000051,0.01980000000000004,-0.057299999999999685,-0.14789999999999992,-0.39869999999999983,0.045204313953408265,0.09205036664783027,0.22920000000000051,1,0.06770000000000032,1
Sep.,6.3207,6.59,6.6432,6.7515,6.9712,6.8192,7.0958,2016-17,0.22920000000000051,0.1499000000000006,0.06770000000000032,0.20800000000000018,0.07929999999999993,-0.009400000000000297,-0.14029999999999987,0.015200000000000102,0.10790321280356663,0.12234181623631396,0.47439999999999927,1,0.2847999999999997,1
Oct.,6.3573,6.5513,6.6918,6.7409,7.019,7.0257,7.1697,2016-17,0.47439999999999927,0.24519999999999875,0.2847999999999997,0.2170999999999994,0.22920000000000051,0.01980000000000004,0.06770000000000032,-0.14789999999999992,0.19945636949802267,0.21256623281540565,0.4348000000000001,0,0.24210000000000065,0
Nov.,6.3744,6.8109,6.6052,7.0036,7.2027,7.2457,7.3896,2016-17,0.4348000000000001,-0.03959999999999919,0.24210000000000065,-0.04269999999999907,0.47439999999999927,0.07929999999999993,0.2847999999999997,-0.14029999999999987,0.13163241748646837,0.11501525985711616,0.7694999999999999,1,0.4211999999999998,1
Dec.,6.4822,6.7541,6.9543,7.1024,7.3107,7.5236,7.5807,2016-17,0.7694999999999999,0.3346999999999998,0.4211999999999998,0.17909999999999915,0.4348000000000001,0.22920000000000051,0.24210000000000065,0.06770000000000032,0.18288259439687604,0.09354594236701701,0.27949999999999964,0,-0.0647000000000002,0
Jan.,6.7115,7.0887,7.2739,7.4329,7.6118,7.3682,7.6265,2016-17,0.27949999999999964,-0.4900000000000002,-0.0647000000000002,-0.4859,0.7694999999999999,0.47439999999999927,0.4211999999999998,0.2847999999999997,0.2504137176753679,0.24573083512927998,0.6956999999999995,1,0.12469999999999981,1
Feb.,6.8803,7.0067,7.3909,7.5777,7.6714,7.7024,7.906,2016-17,0.6956999999999995,0.4161999999999999,0.12469999999999981,0.1894,0.27949999999999964,0.4348000000000001,-0.0647000000000002,0.24210000000000065,0.26418708017867243,0.24490930974546476,0.617,0,0.01019999999999932,0
Mar.,6.5524,6.8035,7.0897,7.4103,7.5255,7.4205,7.6354,2016-17,0.617,-0.07869999999999955,0.01019999999999932,-0.11450000000000049,0.6956999999999995,0.7694999999999999,0.12469999999999981,0.4211999999999998,0.22110419112565963,0.09538747297208373,0.5720999999999998,0,0.38009999999999966,1
Apr.,7.0513,7.3,7.3749,7.492,7.5845,7.8721,7.7618,2015-16,0.5720999999999998,-0.04490000000000016,0.38009999999999966,0.36990000000000034,0.617,0.27949999999999964,0.01019999999999932,-0.0647000000000002,0.06256551233173369,0.1893697529526122,0.23059999999999992,0,-0.2717999999999998,0
May,7.3289,7.2344,7.3414,7.7368,7.5849,7.465,7.7715,2015-16,0.23059999999999992,-0.3414999999999999,-0.2717999999999998,-0.6518999999999995,0.5720999999999998,0.6956999999999995,0.38009999999999966,0.12469999999999981,0.21132251023810059,0.32693618643398875,0.6294000000000004,1,0.21960000000000068,1
Jun.,7.2242,7.154,7.2762,7.5638,7.519,7.7834,7.6393,2015-16,0.6294000000000004,0.3988000000000005,0.21960000000000068,0.4914000000000005,0.23059999999999992,0.617,-0.2717999999999998,0.01019999999999932,0.21561809602473583,0.33965860801693204,0.4994999999999994,0,0.20679999999999943,0
Jul.,6.8692,6.9096,7.0078,7.2023,7.1672,7.4091,7.2735,2015-16,0.4994999999999994,-0.12990000000000101,0.20679999999999943,-0.012800000000001255,0.6294000000000004,0.5720999999999998,0.21960000000000068,0.38009999999999966,0.20339725497983535,0.28008800997781624,0.17319999999999958,0,0.011199999999999655,0
Aug.,6.8345,6.9408,6.9435,7.1028,7.0778,7.114,7.0445,2015-16,0.17319999999999958,-0.3262999999999998,0.011199999999999655,-0.19559999999999977,0.4994999999999994,0.23059999999999992,0.20679999999999943,-0.2717999999999998,0.23504047169228587,0.1168002283102794,0.06709999999999994,0,-0.015900000000000247,0
Sep.,6.6719,6.7425,6.8132,6.8255,6.9396,6.8096,6.9577,2015-16,0.06709999999999994,-0.10609999999999964,-0.015900000000000247,-0.027099999999999902,0.17319999999999958,0.6294000000000004,0.011199999999999655,0.21960000000000068,0.22535108164816606,0.12151067168497297,0.15470000000000006,1,-0.10670000000000002,0
Oct.,6.6342,6.6669,6.6997,6.9283,6.8013,6.8216,7.0273,2015-16,0.15470000000000006,0.08760000000000012,-0.10670000000000002,-0.09079999999999977,0.06709999999999994,0.4994999999999994,-0.015900000000000247,0.20679999999999943,0.056676303102193376,0.06175146422015683,0.2626999999999997,1,-0.11929999999999996,0
Nov.,6.0495,6.0422,6.171,6.4242,6.2528,6.3049,6.457,2015-16,0.2626999999999997,0.10799999999999965,-0.11929999999999996,-0.012599999999999945,0.15470000000000006,0.17319999999999958,-0.10670000000000002,0.011199999999999655,0.09797714019095673,0.056413591742888625,0.7817000000000007,1,0.4339000000000004,1
Dec.,6.2402,6.3908,6.484,6.7386,6.7704,7.1725,6.8581,2015-16,0.7817000000000007,0.519000000000001,0.4339000000000004,0.5532000000000004,0.2626999999999997,0.06709999999999994,-0.11929999999999996,-0.015900000000000247,0.3351999403341221,0.3158157057525799,0.7678000000000003,0,0.6580000000000004,1
Jan.,6.3029,6.3807,6.3365,6.4905,6.6802,7.1485,6.7492,2015-16,0.7678000000000003,-0.013900000000000468,0.6580000000000004,0.22409999999999997,0.7817000000000007,0.15470000000000006,0.4339000000000004,-0.10670000000000002,0.2957138876233793,0.4000929766941681,0.5441500000000001,0,0.16934000000000005,0
Feb.,6.43143,6.54705,6.68129,6.92186,7.14528,7.0912,7.35164,2015-16,0.5441500000000001,-0.22365000000000013,0.16934000000000005,-0.4886600000000003,0.7678000000000003,0.2626999999999997,0.6580000000000004,-0.11929999999999996,0.133318250188534,0.2446090074656561,0.41849999999999987,0,0.39120000000000044,1
Mar.,6.4527,6.6378,6.6484,6.6651,7.0605,7.0563,7.2747,2015-16,0.41849999999999987,-0.12565000000000026,0.39120000000000044,0.2218600000000004,0.5441500000000001,0.7817000000000007,0.16934000000000005,0.4339000000000004,0.17692641361123101,0.24467416945807757,0.047399999999999665,0,-0.01780000000000026,0
Apr.,7.7254,7.843,7.6957,7.9082,7.9189,7.8904,7.8892,2014-15,0.047399999999999665,-0.3711000000000002,-0.01780000000000026,-0.4090000000000007,0.41849999999999987,0.7678000000000003,0.39120000000000044,0.6580000000000004,0.25828398292060645,0.20474546767470456,-0.1589999999999998,0,-0.3186,0
May,7.6353,7.8023,7.7799,7.9619,7.962,7.6433,7.7966,2014-15,-0.1589999999999998,-0.20639999999999947,-0.3186,-0.30079999999999973,0.047399999999999665,0.5441500000000001,-0.01780000000000026,0.16934000000000005,0.29263812123508154,0.35627182506245636,-0.05600000000000005,1,-0.22439999999999927,1
Jun.,7.8766,7.9257,7.9749,8.0941,8.1436,7.8697,8.0823,2014-15,-0.05600000000000005,0.10299999999999976,-0.22439999999999927,0.09420000000000073,-0.1589999999999998,0.41849999999999987,-0.3186,0.39120000000000044,0.1032000645994538,0.15386023961158155,-0.0815999999999999,0,-0.20480000000000054,1
Jul.,7.5655,7.8866,7.8297,8.0098,8.0553,7.805,7.9647,2014-15,-0.0815999999999999,-0.025599999999999845,-0.20480000000000054,0.01959999999999873,-0.05600000000000005,0.047399999999999665,-0.22439999999999927,-0.01780000000000026,0.053626983257791284,0.060838912986125586,0.22360000000000024,1,0.02340000000000053,1
Aug.,7.429,7.8305,7.7964,8.0307,8.0034,8.0541,7.9,2014-15,0.22360000000000024,0.30520000000000014,0.02340000000000053,0.22820000000000107,-0.0815999999999999,-0.1589999999999998,-0.20480000000000054,-0.3186,0.16930178183743855,0.13775838752443864,-0.008899999999999686,0,-0.21720000000000006,0
Sep.,7.5059,7.5389,7.5561,7.7472,7.7778,7.53,7.678,2014-15,-0.008899999999999686,-0.23249999999999993,-0.21720000000000006,-0.2406000000000006,0.22360000000000024,-0.05600000000000005,0.02340000000000053,-0.22439999999999927,0.15942008447285314,0.13547285090870967,0.3731,1,0.17470000000000052,1
Oct.,7.5024,7.5471,7.6224,7.7455,7.8328,7.9202,7.8525,2014-15,0.3731,0.3819999999999997,0.17470000000000052,0.3919000000000006,-0.008899999999999686,-0.0815999999999999,-0.21720000000000006,-0.20480000000000054,0.19249696967311392,0.1976384156315099,0.5144000000000011,1,0.1728000000000005,0
Nov.,7.5119,7.5554,7.7714,7.897,7.7274,8.0698,7.8473,2014-15,0.5144000000000011,0.1413000000000011,0.1728000000000005,-0.0019000000000000128,0.3731,0.22360000000000024,0.17470000000000052,0.02340000000000053,0.2707189748306019,0.22571708693258796,0.5506999999999991,1,0.22029999999999905,1
Dec.,7.3575,7.5433,7.7033,7.8737,7.9694,8.094,7.8892,2014-15,0.5506999999999991,0.036299999999998,0.22029999999999905,0.04749999999999854,0.5144000000000011,-0.008899999999999686,0.1728000000000005,-0.21720000000000006,0.09383064531377146,0.026892440077710585,0.14329999999999998,0,-0.2397999999999998,0
Jan.,7.1885,7.3754,7.5275,7.7585,7.6938,7.5187,7.7907,2014-15,0.14329999999999998,-0.4073999999999991,-0.2397999999999998,-0.46009999999999884,0.5506999999999991,0.3731,0.22029999999999905,0.17470000000000052,0.22546531884083354,0.25304381043605834,0.03049999999999997,0,-0.23629999999999995,1
Feb.,7.2498,7.608,7.6988,7.8748,7.9215,7.6385,7.9174,2014-15,0.03049999999999997,-0.11280000000000001,-0.23629999999999995,0.0034999999999998366,0.14329999999999998,0.5144000000000011,-0.2397999999999998,0.1728000000000005,0.2736502146902105,0.26463428223367624,0.07240000000000002,1,-0.2023999999999999,1
Mar.,7.1362,7.3301,7.3979,7.6049,7.6153,7.4025,7.7061,2014-15,0.07240000000000002,0.04190000000000005,-0.2023999999999999,0.03390000000000004,0.03049999999999997,0.5506999999999991,-0.23629999999999995,0.22029999999999905,0.0570179211593315,0.020656798719389444,0.23290000000000077,1,0.10360000000000014,1
Apr.,8.5665,8.6573,8.7299,8.7866,8.9206,8.8902,9.1113,2013-14,0.23290000000000077,0.16050000000000075,0.10360000000000014,0.30600000000000005,0.07240000000000002,0.14329999999999998,-0.2023999999999999,-0.2397999999999998,0.10683446697265761,0.18722411703624092,0.35190000000000055,1,0.13610000000000078,1
May,8.2629,8.3348,8.4068,8.5506,8.6812,8.6867,8.7921,2013-14,0.35190000000000055,0.11899999999999977,0.13610000000000078,0.03250000000000064,0.23290000000000077,0.03049999999999997,0.10360000000000014,-0.23629999999999995,0.1402625514288542,0.18675942635736867,0.533100000000001,1,0.14690000000000047,1
Jun.,8.0877,8.2205,8.3533,8.6067,8.7361,8.7536,8.7877,2013-14,0.533100000000001,0.18120000000000047,0.14690000000000047,0.010799999999999699,0.35190000000000055,0.07240000000000002,0.13610000000000078,-0.2023999999999999,0.15117014696471026,0.022538041914356998,0.19000000000000128,0,0.04320000000000057,0
Jul.,8.2451,8.3028,8.3605,8.4496,8.6534,8.4928,8.7206,2013-14,0.19000000000000128,-0.34309999999999974,0.04320000000000057,-0.1036999999999999,0.533100000000001,0.23290000000000077,0.14690000000000047,0.10360000000000014,0.17164044783596902,0.05700985294958503,0.04349999999999987,0,0.006399999999999295,0
Aug.,8.5693,8.5817,8.5941,8.6188,8.727,8.6252,8.7866,2013-14,0.04349999999999987,-0.1465000000000014,0.006399999999999295,-0.036800000000001276,0.19000000000000128,0.35190000000000055,0.04320000000000057,0.13610000000000078,0.2512926647025976,0.07285622828557659,0.02809999999999846,0,-0.03200000000000003,0
Sep.,8.6071,8.4989,8.3932,8.559,8.6623,8.527,8.7493,2013-14,0.02809999999999846,-0.015400000000001413,-0.03200000000000003,-0.038399999999999324,0.04349999999999987,0.533100000000001,0.006399999999999295,0.14690000000000047,0.08935977842406853,0.03760283677242118,0.057800000000000296,1,0.014699999999999491,1
Oct.,8.2876,8.2419,8.2214,8.285,8.3703,8.2997,8.3947,2013-14,0.057800000000000296,0.029700000000001836,0.014699999999999491,0.04669999999999952,0.02809999999999846,0.19000000000000128,-0.03200000000000003,0.04320000000000057,0.01485339467366653,0.024914319844886696,0.03270000000000017,0,-0.030799999999999272,0
Nov.,8.1822,8.0907,8.144,8.1542,8.2252,8.1234,8.1355,2013-14,0.03270000000000017,-0.025100000000000122,-0.030799999999999272,-0.045499999999998764,0.057800000000000296,0.04349999999999987,0.014699999999999491,0.006399999999999295,0.01598572279666126,0.026622609438845535,-0.04050000000000065,0,-0.06460000000000043,0
Dec.,8.1249,7.9576,7.9596,7.9817,8.0202,7.9171,7.9662,2013-14,-0.04050000000000065,-0.07320000000000082,-0.06460000000000043,-0.03380000000000116,0.03270000000000017,0.02809999999999846,-0.030799999999999272,-0.03200000000000003,0.05107370491095882,0.03979359244903625,-0.06390000000000029,0,-0.0018000000000002458,1
Jan.,7.8217,7.7512,7.6307,7.6891,7.7061,7.6873,7.7024,2013-14,-0.06390000000000029,-0.023399999999999643,-0.0018000000000002458,0.06280000000000019,-0.04050000000000065,0.057800000000000296,-0.06460000000000043,0.014699999999999491,0.050394047267492796,0.031430558378749994,0.006099999999999994,1,-0.03149999999999942,0
Feb.,7.7603,7.7594,7.7615,7.797,7.7999,7.7655,7.7133,2013-14,0.006099999999999994,0.07000000000000028,-0.03149999999999942,-0.02969999999999917,-0.06390000000000029,0.03270000000000017,-0.0018000000000002458,-0.030799999999999272,0.03563500152001685,0.03141533595767112,-0.02320000000000011,0,0.04560000000000031,1
Mar.,7.8355,7.8223,7.695,7.7535,7.838,7.7991,7.7731,2013-14,-0.02320000000000011,-0.029300000000000104,0.04560000000000031,0.07709999999999972,0.006099999999999994,-0.04050000000000065,-0.03149999999999942,-0.06460000000000043,0.03515437383880238,0.03888714440531715,0.30849999999999955,1,0.21359999999999957,1
Apr.,7.5004,7.4794,7.4684,7.5743,7.5832,7.7879,7.7912,2012-13,0.30849999999999955,0.33169999999999966,0.21359999999999957,0.16799999999999926,-0.02320000000000011,-0.06390000000000029,0.04560000000000031,-0.0018000000000002458,0.18363421068344443,0.12532785005735894,0.1827999999999994,0,0.1844999999999999,0
May,7.1731,7.2975,7.3241,7.2958,7.3122,7.4803,7.4349,2012-13,0.1827999999999994,-0.12570000000000014,0.1844999999999999,-0.02909999999999968,0.30849999999999955,0.006099999999999994,0.21359999999999957,-0.03149999999999942,0.16746212507110897,0.08978123411938543,-0.10400000000000009,0,-0.18120000000000047,0
Jun.,7.4594,7.5644,7.5561,7.6416,7.6832,7.4604,7.6548,2012-13,-0.10400000000000009,-0.2867999999999995,-0.18120000000000047,-0.36570000000000036,0.1827999999999994,-0.02320000000000011,0.1844999999999999,0.04560000000000031,0.2114280728758562,0.2200190673555363,-0.6963699999999999,0,-0.7856000000000005,0
Jul.,9.0363,8.9691,8.9019,9.05833,8.72667,8.27273,8.66769,2012-13,-0.6963699999999999,-0.5923699999999998,-0.7856000000000005,-0.6044,-0.10400000000000009,0.30849999999999955,-0.18120000000000047,0.21359999999999957,0.4483481433365495,0.48992003769322756,-0.4577000000000009,1,-0.5673000000000012,1
Aug.,9.9884,9.2407,9.2722,9.3503,9.2496,8.783,9.1029,2012-13,-0.4577000000000009,0.23866999999999905,-0.5673000000000012,0.21829999999999927,-0.6963699999999999,0.1827999999999994,-0.7856000000000005,0.1844999999999999,0.29804062245494517,0.30605758172823205,0.2748000000000008,1,-0.09629999999999939,1
Sep.,9.0504,8.4881,8.6696,8.8592,8.9934,8.7629,9.1874,2012-13,0.2748000000000008,0.7325000000000017,-0.09629999999999939,0.47100000000000186,-0.4577000000000009,-0.10400000000000009,-0.5673000000000012,-0.18120000000000047,0.5060781869434786,0.35228548555586825,0.3462000000000014,1,0.12959999999999994,1
Oct.,8.3443,8.3624,8.3806,8.579,8.7122,8.7086,8.9454,2012-13,0.3462000000000014,0.07140000000000057,0.12959999999999994,0.22589999999999932,0.2748000000000008,-0.6963699999999999,-0.09629999999999939,-0.7856000000000005,0.444954945284725,0.3555609230497642,0.31450000000000067,0,-0.024399999999999977,0
Nov.,8.6342,8.4033,8.4342,8.7422,8.8665,8.7178,9.1233,2012-13,0.31450000000000067,-0.03170000000000073,-0.024399999999999977,-0.15399999999999991,0.3462000000000014,-0.4577000000000009,0.12959999999999994,-0.5673000000000012,0.035774618563051815,0.11540971940583271,0.295300000000001,0,-0.11129999999999995,0
Dec.,8.6588,8.4736,8.5292,8.8802,9.0473,8.7689,9.2216,2012-13,0.295300000000001,-0.019199999999999662,-0.11129999999999995,-0.08689999999999998,0.31450000000000067,0.2748000000000008,-0.024399999999999977,-0.09629999999999939,0.025704539158130216,0.12199755462030007,0.12819999999999965,0,-0.002200000000000202,1
Jan.,8.9497,8.7416,8.6218,8.872,9.093,8.8698,9.2425,2012-13,0.12819999999999965,-0.16710000000000136,-0.002200000000000202,0.10909999999999975,0.295300000000001,0.3462000000000014,-0.11129999999999995,0.12959999999999994,0.10246848295938892,0.057658853035185545,0.24840000000000018,1,-0.04499999999999993,0
Feb.,8.678,8.69,8.7902,8.9834,9.2235,8.9384,9.307,2012-13,0.24840000000000018,0.12020000000000053,-0.04499999999999993,-0.04279999999999973,0.12819999999999965,0.31450000000000067,-0.002200000000000202,-0.024399999999999977,0.08618783750235216,0.05497020405031373,0.2884999999999991,1,0.02059999999999995,1
Mar.,8.6019,8.5891,8.6133,8.857,9.1153,8.8776,9.153,2012-13,0.2884999999999991,0.040099999999998914,0.02059999999999995,0.06559999999999988,0.24840000000000018,0.295300000000001,-0.04499999999999993,-0.11129999999999995,0.08341876287741502,0.0333042539825337,0.5437000000000012,1,0.20889999999999986,1
Apr.,8.004,8.1086,8.2132,8.4434,8.5664,8.6523,8.7123,2011-12,0.5437000000000012,0.2552000000000021,0.20889999999999986,0.1882999999999999,0.2884999999999991,0.12819999999999965,0.02059999999999995,-0.002200000000000202,0.16017549750195503,0.13179874809724,0.39919999999999867,0,0.16849999999999987,0
May,8.0093,8.0607,8.1121,8.2914,8.3337,8.4599,8.4953,2011-12,0.39919999999999867,-0.14450000000000252,0.16849999999999987,-0.04039999999999999,0.5437000000000012,0.24840000000000018,0.20889999999999986,-0.04499999999999993,0.12797251006889018,0.09913245348185948,0.26120000000000054,0,0.1501999999999999,0
Jun.,7.9044,7.9657,8.0269,8.0767,8.2225,8.2269,8.438,2011-12,0.26120000000000054,-0.13799999999999812,0.1501999999999999,-0.018299999999999983,0.39919999999999867,0.2884999999999991,0.16849999999999987,0.02059999999999995,0.1412624625770484,0.030035368040578745,0.2694000000000001,1,0.11129999999999995,0
Jul.,7.9421,7.9937,8.0453,8.1518,8.2553,8.2631,8.3581,2011-12,0.2694000000000001,0.008199999999999541,0.11129999999999995,-0.038899999999999935,0.26120000000000054,0.5437000000000012,0.1501999999999999,0.20889999999999986,0.07741584678430942,0.02921169856980308,0.3754999999999997,1,0.09750000000000014,0
Aug.,7.8684,7.938,8.0152,8.216,8.3049,8.3135,8.397,2011-12,0.3754999999999997,0.10609999999999964,0.09750000000000014,-0.013799999999999812,0.2694000000000001,0.39919999999999867,0.11129999999999995,0.16849999999999987,0.06375596704098971,0.0273280685986596,0.16270000000000007,0,-0.053800000000000736,0
Sep.,7.905,7.9761,8.0472,8.1926,8.2315,8.1388,8.1765,2011-12,0.16270000000000007,-0.21279999999999966,-0.053800000000000736,-0.15130000000000088,0.3754999999999997,0.26120000000000054,0.09750000000000014,0.1501999999999999,0.10640014097734274,0.09159707054995356,0.18379999999999974,1,0.0129999999999999,1
Oct.,8.0658,8.0172,8.0152,8.188,8.2261,8.201,8.2535,2011-12,0.18379999999999974,0.021099999999999675,0.0129999999999999,0.06680000000000064,0.16270000000000007,0.2694000000000001,-0.053800000000000736,0.11129999999999995,0.11724471558808836,0.0758223581801558,0.2326699999999997,1,0.06916000000000011,1
Nov.,8.01681,7.96545,7.97979,8.12896,8.17819,8.19812,8.28798,2011-12,0.2326699999999997,0.04886999999999997,0.06916000000000011,0.05616000000000021,0.18379999999999974,0.3754999999999997,0.0129999999999999,0.09750000000000014,0.03589170702727448,0.0615566774065427,0.18911000000000122,0,0.120000000000001,1
Dec.,7.97924,8.01123,8.0149,8.08034,8.11236,8.20034,8.16039,2011-12,0.18911000000000122,-0.04355999999999849,0.120000000000001,0.050840000000000884,0.2326699999999997,0.16270000000000007,0.06916000000000011,-0.053800000000000736,0.02681400939804359,0.05352203782866584,0.17266000000000048,0,0.018440000000000012,0
Jan.,8.00847,7.76906,7.78578,7.92328,7.96793,7.94172,7.99562,2011-12,0.17266000000000048,-0.016450000000000742,0.018440000000000012,-0.10156000000000098,0.18911000000000122,0.18379999999999974,0.120000000000001,0.0129999999999999,0.03100880573855895,0.05078001181567206,0.19169000000000036,1,0.0481600000000002,1
Feb.,7.85426,7.73243,7.80951,7.87596,7.92601,7.92412,7.9415,2011-12,0.19169000000000036,0.01902999999999988,0.0481600000000002,0.02972000000000019,0.17266000000000048,0.2326699999999997,0.018440000000000012,0.06916000000000011,0.01032311161092962,0.05221541534834135,0.2463999999999995,1,0.06259999999999888,1
Mar.,7.8813,7.7638,7.7909,7.9476,7.9167,8.0102,8.0663,2011-12,0.2463999999999995,0.05470999999999915,0.06259999999999888,0.014439999999998676,0.19169000000000036,0.18911000000000122,0.0481600000000002,0.120000000000001,0.03828165922908364,0.022516281516561976,1.2035999999999998,1,-0.1051000000000002,0
Apr.,6.3112,6.9231,7.535,8.2318,8.169,8.1267,8.351,2010-11,1.2035999999999998,0.9572000000000003,-0.1051000000000002,-0.16769999999999907,0.2463999999999995,0.17266000000000048,0.06259999999999888,0.018440000000000012,0.5690909230518428,0.09293405475568725,0.05690000000000062,0,-0.06479999999999997,1
May,8.3124,8.3554,8.3985,8.4771,8.478,8.4123,8.5439,2010-11,0.05690000000000062,-1.1466999999999992,-0.06479999999999997,0.040300000000000225,1.2035999999999998,0.19169000000000036,-0.1051000000000002,0.0481600000000002,0.6146900275748731,0.08753869620535273,0.12200000000000166,1,0.002200000000000202,1
Jun.,8.1875,8.2298,8.2722,8.3496,8.3625,8.3518,8.4897,2010-11,0.12200000000000166,0.06510000000000105,0.002200000000000202,0.06700000000000017,0.05690000000000062,0.2463999999999995,-0.06479999999999997,0.06259999999999888,0.6440778239726399,0.05420083025194203,0.09930000000000128,0,0.04499999999999993,1
Jul.,8.3619,8.3799,8.3979,8.4342,8.5251,8.4792,8.5891,2010-11,0.09930000000000128,-0.022700000000000387,0.04499999999999993,0.04279999999999973,0.12200000000000166,1.2035999999999998,0.002200000000000202,-0.1051000000000002,0.03304305272415961,0.05534268997196571,0.08929999999999971,0,0.021399999999999864,0
Aug.,8.2283,8.265,8.2696,8.3329,8.4124,8.3543,8.4839,2010-11,0.08929999999999971,-0.010000000000001563,0.021399999999999864,-0.023600000000000065,0.09930000000000128,0.05690000000000062,0.04499999999999993,-0.06479999999999997,0.01675599395236208,0.021437661564011497,0.15380000000000038,1,0.03530000000000122,1
Sep.,8.2081,8.2437,8.2793,8.3622,8.3962,8.3975,8.5138,2010-11,0.15380000000000038,0.06450000000000067,0.03530000000000122,0.013900000000001356,0.08929999999999971,0.12200000000000166,0.021399999999999864,0.002200000000000202,0.03471431020964664,0.011862124598897298,0.1379999999999999,0,0.02459999999999951,0
Oct.,8.7114,8.7469,8.7823,8.8603,8.8635,8.8849,8.9375,2010-11,0.1379999999999999,-0.01580000000000048,0.02459999999999951,-0.010700000000001708,0.15380000000000038,0.09930000000000128,0.03530000000000122,0.04499999999999993,0.0336193892468558,0.0072794230540460855,0.05349999999999966,0,0.04709999999999859,1
Nov.,8.7397,8.7059,8.6722,8.7123,8.7439,8.7594,8.8677,2010-11,0.05349999999999966,-0.08450000000000024,0.04709999999999859,0.022499999999999076,0.1379999999999999,0.08929999999999971,0.02459999999999951,0.021399999999999864,0.053928934719668566,0.011254480589217918,0.22979999999999912,1,0.08029999999999937,1
Dec.,8.372,8.3161,8.2603,8.4656,8.512,8.5459,8.7018,2010-11,0.22979999999999912,0.17629999999999946,0.08029999999999937,0.033200000000000784,0.05349999999999966,0.15380000000000038,0.04709999999999859,0.03530000000000122,0.08817518547375755,0.02802076610896077,-0.2555999999999994,0,-0.00829999999999842,0
Jan.,8.6259,8.5434,8.461,8.2961,8.3223,8.2878,8.4133,2010-11,-0.2555999999999994,-0.4853999999999985,-0.00829999999999842,-0.08859999999999779,0.22979999999999912,0.1379999999999999,0.08029999999999937,0.02459999999999951,0.24570906237526347,0.04476114386384296,0.11859999999999893,1,-0.1051000000000002,0
Feb.,8.5654,8.0814,8.1851,8.3051,8.2896,8.2,8.2957,2010-11,0.11859999999999893,0.3741999999999983,-0.1051000000000002,-0.09680000000000177,-0.2555999999999994,0.05349999999999966,-0.00829999999999842,0.04709999999999859,0.2542978044209801,0.09273021801620596,0.46910000000000096,1,-0.02660000000000018,1
Mar.,8.3328,8.0916,8.137,8.5873,8.5712,8.5607,8.6322,2010-11,0.46910000000000096,0.35050000000000203,-0.02660000000000018,0.07850000000000001,0.11859999999999893,0.22979999999999912,-0.1051000000000002,0.08029999999999937,0.362414583039919,0.051425318018785374,1.8704,1,0.49460000000000015,1
Apr.,5.0253,5.9062,6.3955,7.282,7.6367,7.7766,8.0536,2009-10,1.8704,1.401299999999999,0.49460000000000015,0.5212000000000003,0.46910000000000096,-0.2555999999999994,-0.02660000000000018,-0.00829999999999842,0.9269389749780363,0.3259477923430885,1.7474999999999996,0,0.2801,0
May,5.2199,5.7731,6.4002,7.2405,7.6095,7.5206,8.0028,2009-10,1.7474999999999996,-0.12290000000000045,0.2801,-0.21450000000000014,1.8704,0.11859999999999893,0.49460000000000015,-0.1051000000000002,0.77599964132294,0.2619556514628632,1.3160300000000005,0,0.29903000000000013,1
Jun.,5.47132,6.25977,6.67739,7.27677,7.59527,7.5758,8.00306,2009-10,1.3160300000000005,-0.43146999999999913,0.29903000000000013,0.018930000000000113,1.7474999999999996,0.46910000000000096,0.2801,-0.02660000000000018,0.29114625986492154,0.11875480327127647,0.9504000000000001,0,0.2858999999999998,0
Jul.,6.3008,6.8782,7.0627,7.5427,7.7858,7.8286,8.1532,2009-10,0.9504000000000001,-0.36563000000000034,0.2858999999999998,-0.013130000000000308,1.3160300000000005,1.8704,0.29903000000000013,0.49460000000000015,0.39900293812619003,0.009698640798222535,1.101,1,0.2808999999999999,0
Aug.,6.49,6.8853,7.1341,7.7054,7.9584,7.9863,8.0915,2009-10,1.101,0.15059999999999985,0.2808999999999999,-0.004999999999999893,0.9504000000000001,1.7474999999999996,0.2858999999999998,0.2801,0.18375869947660287,0.00936388274166298,0.8561000000000005,0,0.18149999999999977,0
Sep.,6.6385,7.0402,7.2261,7.7148,7.7901,7.8963,8.1548,2009-10,0.8561000000000005,-0.24489999999999945,0.18149999999999977,-0.09940000000000015,1.101,1.3160300000000005,0.2808999999999999,0.29903000000000013,0.12352385734477488,0.05888508583107422,0.8434000000000008,0,0.2832000000000008,1
Oct.,6.7671,7.2745,7.3436,7.8347,7.9908,8.1179,8.1731,2009-10,0.8434000000000008,-0.012699999999999712,0.2832000000000008,0.10170000000000101,0.8561000000000005,0.9504000000000001,0.18149999999999977,0.2858999999999998,0.14519817491965561,0.05806395898776635,0.6316999999999995,0,0.13489999999999913,0
Nov.,7.2301,7.4181,7.606,7.9149,7.9542,8.0498,8.155,2009-10,0.6316999999999995,-0.21170000000000133,0.13489999999999913,-0.14830000000000165,0.8434000000000008,1.101,0.2832000000000008,0.2808999999999999,0.12605127263670338,0.07583682043264427,0.38890000000000047,0,0.10150000000000059,0
Dec.,7.3877,7.5645,7.7414,7.8519,7.8644,7.9534,8.1318,2009-10,0.38890000000000047,-0.24279999999999902,0.10150000000000059,-0.03339999999999854,0.6316999999999995,0.8561000000000005,0.13489999999999913,0.18149999999999977,0.2274272704258054,0.09671551064849818,0.2596999999999996,0,0.029299999999999216,0
Jan.,7.5435,7.8908,8.0996,8.1212,8.1679,8.1505,8.2127,2009-10,0.2596999999999996,-0.12920000000000087,0.029299999999999216,-0.07220000000000137,0.38890000000000047,0.8434000000000008,0.10150000000000059,0.2832000000000008,0.18886877278505387,0.05397493245325175,0.4684999999999997,1,0.03810000000000002,1
Feb.,7.4488,7.6298,7.8139,8.0602,8.0929,8.0983,8.2613,2009-10,0.4684999999999997,0.2088000000000001,0.03810000000000002,0.008800000000000807,0.2596999999999996,0.6316999999999995,0.029299999999999216,0.13489999999999913,0.10537729040610405,0.039390861884449936,0.4734999999999996,1,0.09359999999999946,1
Mar.,7.4927,7.5488,7.6787,7.9287,7.9574,8.0223,8.1649,2009-10,0.4734999999999996,0.004999999999999893,0.09359999999999946,0.05549999999999944,0.4684999999999997,0.38890000000000047,0.03810000000000002,0.10150000000000059,0.12201972518135078,0.03486206151869243,1.4905999999999997,1,0.28859999999999975,1
Apr.,4.0065,4.8017,5.4287,6.0037,6.5487,6.2923,7.0182,2008-09,1.4905999999999997,1.0171000000000001,0.28859999999999975,0.19500000000000028,0.4734999999999996,0.2596999999999996,0.09359999999999946,0.029299999999999216,0.5886716430518226,0.13156462290448634,1.8129999999999997,1,0.4410999999999996,1
May,4.009,4.9398,5.8083,6.3117,6.8951,6.7528,7.4377,2008-09,1.8129999999999997,0.3224,0.4410999999999996,0.15249999999999986,1.4905999999999997,0.4684999999999997,0.28859999999999975,0.03810000000000002,0.6991297471380633,0.17418261489980275,1.5659999999999998,0,0.45479999999999965,1
Jun.,4.4459,5.3876,5.766,6.4988,6.9382,6.9536,7.4029,2008-09,1.5659999999999998,-0.2469999999999999,0.45479999999999965,0.013700000000000045,1.8129999999999997,0.4734999999999996,0.4410999999999996,0.09359999999999946,0.1686396157490848,0.09225542441142892,1.7916000000000007,1,0.2583000000000002,0
Jul.,4.1763,5.201,6.213,6.7343,6.9924,6.9926,7.4557,2008-09,1.7916000000000007,0.2256000000000009,0.2583000000000002,-0.19649999999999945,1.5659999999999998,1.4905999999999997,0.45479999999999965,0.28859999999999975,0.13684682434507697,0.10970853810589595,1.5,0,0.30740000000000034,1
Aug.,5.037,5.9969,6.4633,7.1895,7.385,7.4969,8.0248,2008-09,1.5,-0.29160000000000075,0.30740000000000034,0.049100000000000144,1.7916000000000007,1.8129999999999997,0.2583000000000002,0.4410999999999996,0.15290624578479162,0.10226584636785077,1.3205,0,0.3097000000000003,1
Sep.,4.8045,6.0172,6.6367,7.028,7.1568,7.3377,7.6817,2008-09,1.3205,-0.1795,0.3097000000000003,0.0022999999999999687,1.5,1.5659999999999998,0.30740000000000034,0.45479999999999965,0.2377624935378423,0.029034634490546406,1.4474,1,0.4549000000000003,1
Oct.,4.6422,6.1403,6.6949,7.1328,7.4334,7.5877,8.0073,2008-09,1.4474,0.1269,0.4549000000000003,0.1452,1.3205,1.7916000000000007,0.3097000000000003,0.2583000000000002,0.09227731754517099,0.0845030374207514,1.6871,1,0.4488000000000003,0
Nov.,4.7407,5.7709,6.5567,7.0092,7.2891,7.458,8.033,2008-09,1.6871,0.23970000000000002,0.4488000000000003,-0.006099999999999994,1.4474,1.5,0.4549000000000003,0.30740000000000034,0.18616984181117788,0.08212699515587356,1.6242999999999999,0,0.42850000000000055,0
Dec.,5.1304,6.1123,6.6742,7.3081,7.4439,7.7366,8.2033,2008-09,1.6242999999999999,-0.06280000000000019,0.42850000000000055,-0.020299999999999763,1.6871,1.3205,0.4488000000000003,0.3097000000000003,0.12429369788260505,0.013821842617134985,1.5852000000000004,0,0.32860000000000067,0
Jan.,5.4382,5.9962,6.5542,7.2528,7.4051,7.5814,8.0775,2008-09,1.5852000000000004,-0.03909999999999947,0.32860000000000067,-0.09989999999999988,1.6242999999999999,1.4474,0.42850000000000055,0.4549000000000003,0.051407295202130096,0.06434301308870188,1.9333,1,0.36760000000000037,1
Feb.,4.8537,5.9237,6.5828,7.4894,7.6728,7.857,8.1902,2008-09,1.9333,0.34809999999999963,0.36760000000000037,0.0389999999999997,1.5852000000000004,1.6871,0.32860000000000067,0.4488000000000003,0.19069321784828178,0.05034848557801479,1.7998000000000003,0,0.5709,1
Mar.,4.927,6.0252,6.5467,7.2541,7.5149,7.825,8.0575,2008-09,1.7998000000000003,-0.13349999999999973,0.5709,0.2032999999999996,1.9333,1.6242999999999999,0.36760000000000037,0.42850000000000055,0.17561749153581546,0.1301032794872319,0.21310000000000073,0,0.10300000000000065,0
Apr.,7.7279,7.805,7.8901,7.9151,7.9326,8.0181,8.238,2007-08,0.21310000000000073,-1.5866999999999996,0.10300000000000065,-0.4678999999999993,1.7998000000000003,1.5852000000000004,0.5709,0.32860000000000067,0.9569506413603568,0.2346182928361145,0.1393999999999993,0,0.06479999999999997,0
May,7.8502,7.9675,7.9923,8.0421,8.1091,8.1069,8.3148,2007-08,0.1393999999999993,-0.07370000000000143,0.06479999999999997,-0.03820000000000068,0.21310000000000073,1.9333,0.10300000000000065,0.36760000000000037,0.9380810856921339,0.28181757101595506,-0.6779000000000011,0,-0.513300000000001,0
Jun.,9.134,9.3297,9.2864,9.1651,9.0439,8.6518,9.0559,2007-08,-0.6779000000000011,-0.8173000000000004,-0.513300000000001,-0.578100000000001,0.1393999999999993,1.7998000000000003,0.06479999999999997,0.5709,0.49451861778231654,0.34532220220155807,-0.04160000000000075,1,-0.11090000000000089,1
Jul.,9.4748,9.3916,9.3656,9.4609,9.5562,9.35,9.4465,2007-08,-0.04160000000000075,0.6363000000000003,-0.11090000000000089,0.4024000000000001,-0.6779000000000011,0.21310000000000073,-0.513300000000001,0.10300000000000065,0.42926642465179166,0.2963657256386668,-0.29550000000000054,0,-0.09149999999999991,1
Aug.,9.0966,9.0076,8.9396,8.8036,8.884,8.7121,9.0137,2007-08,-0.29550000000000054,-0.2538999999999998,-0.09149999999999991,0.019400000000000972,-0.04160000000000075,0.1393999999999993,-0.11090000000000089,0.06479999999999997,0.3203052346330485,0.23812369334724648,0.005400000000001626,1,0.14010000000000034,1
Sep.,8.7855,8.713,8.6613,8.5783,8.685,8.7184,9.1253,2007-08,0.005400000000001626,0.30090000000000217,0.14010000000000034,0.23160000000000025,-0.29550000000000054,-0.6779000000000011,-0.09149999999999991,-0.513300000000001,0.1618718732001716,0.13965190057186225,0.09690000000000065,1,-0.047699999999999854,0
Oct.,7.3525,7.3839,7.4717,7.5285,7.5962,7.4808,7.7548,2007-08,0.09690000000000065,0.09149999999999903,-0.047699999999999854,-0.1878000000000002,0.005400000000001626,-0.04160000000000075,0.14010000000000034,-0.11090000000000089,0.20530092547282688,0.12303511693821345,0.30679999999999996,1,0.14219999999999988,1
Nov.,6.6751,6.8129,6.8821,6.9775,7.2363,7.1197,7.5245,2007-08,0.30679999999999996,0.2098999999999993,0.14219999999999988,0.18989999999999974,0.09690000000000065,-0.29550000000000054,-0.047699999999999854,-0.09149999999999991,0.1545273546441924,0.109037654046663,0.23380000000000045,0,-0.047099999999999476,0
Dec.,5.0196,5.069,5.1735,5.3499,5.421,5.3028,5.7983,2007-08,0.23380000000000045,-0.07299999999999951,-0.047099999999999476,-0.18929999999999936,0.30679999999999996,0.005400000000001626,0.14219999999999988,0.14010000000000034,0.10655876313095455,0.10946602212558817,1.0732,1,0.02880000000000038,1
Jan.,4.7313,4.9309,5.4289,5.9753,6.3367,6.0041,6.775,2007-08,1.0732,0.8393999999999995,0.02880000000000038,0.07589999999999986,0.23380000000000045,0.09690000000000065,-0.047099999999999476,-0.047699999999999854,0.4649893045364939,0.09526704571886196,1.5352000000000006,1,0.7360000000000007,1
Feb.,4.883,5.0359,5.5459,5.8351,6.55,6.5711,7.1978,2007-08,1.5352000000000006,0.46200000000000063,0.7360000000000007,0.7072000000000003,1.0732,0.30679999999999996,0.02880000000000038,0.14219999999999988,0.6597573190196522,0.43188313619928836,1.5336000000000007,0,0.39060000000000006,0
Mar.,5.1071,5.5078,6.0823,6.6508,6.942,7.0414,7.6518,2007-08,1.5336000000000007,-0.0015999999999998238,0.39060000000000006,-0.3454000000000006,1.5352000000000006,0.23380000000000045,0.7360000000000007,-0.047099999999999476,0.26627514591740015,0.35363169164164715,0.04740000000000144,0,0.019600000000000506,0
Apr.,7.9308,8.0842,8.128,8.112,8.0939,8.1316,8.2017,2006-07,0.04740000000000144,-1.4861999999999993,0.019600000000000506,-0.37099999999999955,1.5336000000000007,1.0732,0.39060000000000006,0.02880000000000038,0.8585202230194299,0.35827622490661165,0.2666000000000004,1,0.11000000000000121,1
May,7.8277,7.8559,7.8864,8.0125,8.1052,8.1225,8.222,2006-07,0.2666000000000004,0.21919999999999895,0.11000000000000121,0.0904000000000007,0.04740000000000144,1.5352000000000006,0.019600000000000506,0.7360000000000007,0.8023016972020763,0.1934552144554383,0.4692000000000007,1,0.24870000000000125,1
Jun.,7.5803,7.6867,7.8031,7.9072,8.0843,8.1559,8.2493,2006-07,0.4692000000000007,0.20260000000000034,0.24870000000000125,0.13870000000000005,0.2666000000000004,1.5336000000000007,0.11000000000000121,0.39060000000000006,0.21095443425852006,0.11539545051690679,0.6489000000000003,1,0.5128000000000004,1
Jul.,7.1362,7.2619,7.361,7.398,7.6543,7.9108,7.9798,2006-07,0.6489000000000003,0.17969999999999953,0.5128000000000004,0.2640999999999991,0.4692000000000007,0.04740000000000144,0.24870000000000125,0.019600000000000506,0.1912642761556178,0.20462744195244068,0.20350000000000001,0,0.125,0
Aug.,7.6839,7.7159,7.7479,7.7944,7.8577,7.9194,8.0002,2006-07,0.20350000000000001,-0.44540000000000024,0.125,-0.38780000000000037,0.6489000000000003,0.2666000000000004,0.5128000000000004,0.11000000000000121,0.2240795022605426,0.19809061058010724,0.13959999999999972,0,0.11329999999999973,0
Sep.,7.6836,7.7759,7.8006,7.8022,7.868,7.9155,8.0976,2006-07,0.13959999999999972,-0.06390000000000029,0.11329999999999973,-0.011700000000000266,0.20350000000000001,0.4692000000000007,0.125,0.24870000000000125,0.2774439462906563,0.22734921010052614,0.14329999999999998,1,0.10600000000000076,0
Oct.,7.6895,7.7266,7.742,7.7639,7.8189,7.8699,8.0252,2006-07,0.14329999999999998,0.0037000000000002586,0.10600000000000076,-0.007299999999998974,0.13959999999999972,0.6489000000000003,0.11329999999999973,0.5128000000000004,0.03587231987664604,0.009584536156390837,0.10610000000000053,0,0.0777000000000001,0
Nov.,7.7597,7.8157,7.8257,7.8441,7.8672,7.9218,8.0745,2006-07,0.10610000000000053,-0.037199999999999456,0.0777000000000001,-0.028300000000000658,0.14329999999999998,0.20350000000000001,0.10600000000000076,0.125,0.020493006937303923,0.018803988938516487,0.14419999999999966,1,0.13169999999999948,1
Dec.,7.6573,7.6615,7.6656,7.674,7.7159,7.8057,7.9118,2006-07,0.14419999999999966,0.038099999999999135,0.13169999999999948,0.05399999999999938,0.10610000000000053,0.13959999999999972,0.0777000000000001,0.11329999999999973,0.021741895041579317,0.027010430084194566,0.06309999999999949,0,0.05999999999999961,0
Jan.,7.4307,7.5106,7.5426,7.5137,7.5084,7.5737,7.7482,2006-07,0.06309999999999949,-0.08110000000000017,0.05999999999999961,-0.07169999999999987,0.14419999999999966,0.14329999999999998,0.13169999999999948,0.10600000000000076,0.0405746636872372,0.03735010040146946,0.08190000000000008,1,0.06190000000000051,1
Feb.,7.4481,7.5449,7.5749,7.5649,7.6674,7.6268,7.7789,2006-07,0.08190000000000008,0.018800000000000594,0.06190000000000051,0.001900000000000901,0.06309999999999949,0.10610000000000053,0.05999999999999961,0.0777000000000001,0.04244985276769592,0.04085857723089697,0.12270000000000003,1,0.0943000000000005,1
Mar.,7.4252,7.514,7.5433,7.5424,7.564,7.6367,7.8708,2006-07,0.12270000000000003,0.04079999999999995,0.0943000000000005,0.032399999999999984,0.08190000000000008,0.14419999999999966,0.06190000000000051,0.13169999999999948,0.030469219440812836,0.019278053152048856,1.0590000000000002,1,0.4307999999999996,1
Apr.,6.0628,6.3351,6.6075,6.9633,7.2523,7.3941,7.5846,2005-06,1.0590000000000002,0.9363000000000001,0.4307999999999996,0.33649999999999913,0.12270000000000003,0.06309999999999949,0.0943000000000005,0.05999999999999961,0.5527275911332807,0.20427482305299616,0.9723000000000006,0,0.41910000000000025,0
May,6.4811,6.7086,6.9392,7.2618,7.4875,7.6809,7.9334,2005-06,0.9723000000000006,-0.08669999999999956,0.41910000000000025,-0.011699999999999378,1.0590000000000002,0.08190000000000008,0.4307999999999996,0.06190000000000051,0.5173642720559658,0.19099047969292304,0.9257,0,0.4729000000000001,1
Jun.,7.0219,7.2061,7.3903,7.6589,7.9563,8.1318,8.3651,2005-06,0.9257,-0.04660000000000064,0.4729000000000001,0.05379999999999985,0.9723000000000006,0.12270000000000003,0.41910000000000025,0.0943000000000005,0.06764778882810972,0.02829528818253731,1.065500000000001,1,0.450800000000001,0
Jul.,6.9534,7.2154,7.4774,7.8301,8.0561,8.2809,8.468,2005-06,1.065500000000001,0.13980000000000103,0.450800000000001,-0.02209999999999912,0.9257,1.0590000000000002,0.4729000000000001,0.4307999999999996,0.07118267579497548,0.027042374156118248,0.8422999999999998,0,0.3492999999999995,0
Aug.,6.9631,7.0881,7.3073,7.5811,7.7275,7.9304,8.0263,2005-06,0.8422999999999998,-0.22320000000000118,0.3492999999999995,-0.10150000000000148,1.065500000000001,0.9723000000000006,0.450800000000001,0.41910000000000025,0.11278138144214815,0.0659136050700682,0.7934999999999999,0,0.23540000000000028,0
Sep.,6.6855,6.8841,7.0828,7.4422,7.5538,7.6776,7.8416,2005-06,0.7934999999999999,-0.048799999999999955,0.23540000000000028,-0.11389999999999922,0.8422999999999998,0.9257,0.3492999999999995,0.4729000000000001,0.1450193550300535,0.10775946980814731,0.4523999999999999,0,0.1905000000000001,0
Oct.,7.0961,7.1893,7.2826,7.4512,7.5288,7.6417,7.76,2005-06,0.4523999999999999,-0.34109999999999996,0.1905000000000001,-0.04490000000000016,0.7934999999999999,1.065500000000001,0.23540000000000028,0.450800000000001,0.21242750135830457,0.0818603078420772,0.3302000000000005,0,0.1380000000000008,0
Nov.,6.9959,7.0759,7.1554,7.2681,7.2999,7.4061,7.4835,2005-06,0.3302000000000005,-0.12219999999999942,0.1380000000000008,-0.052499999999999325,0.4523999999999999,0.8422999999999998,0.1905000000000001,0.3492999999999995,0.24011418811334823,0.048749393158613735,0.14440000000000008,0,0.08289999999999953,0
Dec.,7.4422,7.4627,7.4832,7.5242,7.5652,7.6071,7.6323,2005-06,0.14440000000000008,-0.1858000000000004,0.08289999999999953,-0.05510000000000126,0.3302000000000005,0.7934999999999999,0.1380000000000008,0.23540000000000028,0.1550905541933459,0.053805235185186324,0.1413000000000002,0,0.13900000000000023,1
Jan.,7.5263,7.6326,7.7382,7.6349,7.7767,7.7739,7.9486,2005-06,0.1413000000000002,-0.0030999999999998806,0.13900000000000023,0.056100000000000705,0.14440000000000008,0.4523999999999999,0.08289999999999953,0.1905000000000001,0.1081776779192418,0.03210456872990566,0.1504000000000003,1,0.03340000000000032,0
Feb.,7.6383,7.795,7.9024,7.912,7.9286,7.9454,8.0129,2005-06,0.1504000000000003,0.009100000000000108,0.03340000000000032,-0.10559999999999992,0.1413000000000002,0.3302000000000005,0.13900000000000023,0.1380000000000008,0.004626373669787712,0.05283436381749954,-0.049100000000000144,0,-0.03399999999999981,0
Mar.,7.8941,7.9851,7.9755,7.97,7.9923,7.936,8.0709,2005-06,-0.049100000000000144,-0.19950000000000045,-0.03399999999999981,-0.06740000000000013,0.1504000000000003,0.14440000000000008,0.03340000000000032,0.08289999999999953,0.11264636404843505,0.08720007645256561,1.1854000000000005,1,0.5,1
Apr.,5.6816,6.0012,6.3209,6.6866,6.9817,7.1866,7.5087,2004-05,1.1854000000000005,1.2345000000000006,0.5,0.5339999999999998,-0.049100000000000144,0.1413000000000002,-0.03399999999999981,0.13900000000000023,0.6626984608402221,0.29080758816326147,1.0023,0,0.28420000000000023,0
May,5.7742,6.0579,6.3367,6.776,6.9366,7.0602,7.165,2004-05,1.0023,-0.18310000000000048,0.28420000000000023,-0.21579999999999977,1.1854000000000005,0.1504000000000003,0.5,0.03340000000000032,0.6662028995233604,0.26863137071707205,0.8750999999999998,0,0.2767999999999997,0
Jun.,5.7629,6.0084,6.2751,6.6067,6.7541,6.8835,7.048,2004-05,0.8750999999999998,-0.1272000000000002,0.2767999999999997,-0.007400000000000517,1.0023,-0.049100000000000144,0.28420000000000023,-0.03399999999999981,0.1559869332134347,0.12678238573766046,0.8786000000000005,1,0.36219999999999963,1
Jul.,5.7811,6.0665,6.3519,6.5829,6.7791,6.9451,7.1556,2004-05,0.8786000000000005,0.0035000000000007248,0.36219999999999963,0.08539999999999992,0.8750999999999998,1.1854000000000005,0.2767999999999997,0.5,0.07244972969813236,0.04731440936261348,1.0881999999999996,1,0.5095999999999998,1
Aug.,5.8694,6.1036,6.3195,6.6822,6.9871,7.1918,7.3057,2004-05,1.0881999999999996,0.20959999999999912,0.5095999999999998,0.1474000000000002,0.8786000000000005,1.0023,0.36219999999999963,0.28420000000000023,0.12203552761388395,0.11776796395171693,1.0419,0,0.5340999999999996,1
Sep.,5.9301,6.1662,6.363,6.674,6.8679,7.2081,7.2925,2004-05,1.0419,-0.046299999999999564,0.5340999999999996,0.024499999999999744,1.0881999999999996,0.8750999999999998,0.5095999999999998,0.2767999999999997,0.11010808326366864,0.09298442521913425,0.9085999999999999,0,0.4001000000000001,0
Oct.,5.9267,6.1698,6.413,6.6783,6.8457,7.0784,7.2866,2004-05,0.9085999999999999,-0.1333000000000002,0.4001000000000001,-0.13399999999999945,1.0419,0.8786000000000005,0.5340999999999996,0.36219999999999963,0.09324585781684387,0.0713518278205451,0.9302999999999999,1,0.4828999999999999,1
Nov.,5.9743,6.1805,6.3348,6.6279,6.8263,7.1108,7.2878,2004-05,0.9302999999999999,0.021700000000000053,0.4828999999999999,0.08279999999999976,0.9085999999999999,1.0881999999999996,0.4001000000000001,0.5095999999999998,0.07152428492010554,0.06761814352178508,0.6925000000000008,0,0.41850000000000076,0
Dec.,6.2957,6.4266,6.5544,6.7006,6.928,7.1191,7.2933,2004-05,0.6925000000000008,-0.23779999999999912,0.41850000000000076,-0.06439999999999912,0.9302999999999999,1.0419,0.4828999999999999,0.5340999999999996,0.13147809703520583,0.04347750376151777,0.5531000000000006,0,0.40610000000000035,0
Jan.,6.6684,6.7559,6.8433,6.9029,7.062,7.309,7.4145,2004-05,0.5531000000000006,-0.1394000000000002,0.40610000000000035,-0.01240000000000041,0.6925000000000008,0.9085999999999999,0.41850000000000076,0.4001000000000001,0.19072713493365082,0.041229762712545207,0.5129000000000001,0,0.29220000000000024,0
Feb.,6.7442,6.8312,6.9123,7.0519,7.2152,7.3441,7.4747,2004-05,0.5129000000000001,-0.04020000000000046,0.29220000000000024,-0.11390000000000011,0.5531000000000006,0.9302999999999999,0.40610000000000035,0.4828999999999999,0.09425546845320248,0.06961640132420611,0.8431999999999995,1,0.28559999999999963,0
Mar.,6.4163,6.6859,6.7543,7.2435,7.4263,7.5291,7.6068,2004-05,0.8431999999999995,0.33029999999999937,0.28559999999999963,-0.006600000000000605,0.5129000000000001,0.6925000000000008,0.29220000000000024,0.41850000000000076,0.18021845077571574,0.06774587318304336,0.6384999999999996,0,0.2764999999999995,0
Apr.,4.4282,4.5076,4.5869,4.8696,5.0914,5.1461,5.4088,2003-04,0.6384999999999996,-0.20469999999999988,0.2764999999999995,-0.009100000000000108,0.8431999999999995,0.5531000000000006,0.28559999999999963,0.40610000000000035,0.1667210944461812,0.007883104295454977,0.5221999999999998,0,0.3258000000000001,1
May,4.6452,4.7794,4.9453,4.9758,5.2797,5.3016,5.6749,2003-04,0.5221999999999998,-0.11629999999999985,0.3258000000000001,0.049300000000000566,0.6384999999999996,0.5129000000000001,0.2764999999999995,0.29220000000000024,0.16251604023397972,0.02623401100352395,0.9756,1,0.41520000000000046,1
Jun.,4.6048,4.8921,5.1794,5.4525,5.7365,5.8677,6.2433,2003-04,0.9756,0.45340000000000025,0.41520000000000046,0.08940000000000037,0.5221999999999998,0.8431999999999995,0.3258000000000001,0.28559999999999963,0.23549014841389712,0.07030948252784262,1.1956000000000007,1,0.22440000000000015,0
Jul.,4.8817,4.9979,5.2792,5.9691,6.1583,6.1935,6.5835,2003-04,1.1956000000000007,0.22000000000000064,0.22440000000000015,-0.1908000000000003,0.9756,0.6384999999999996,0.41520000000000046,0.2764999999999995,0.34337518838727915,0.09546287236407494,0.6197999999999997,0,0.12909999999999933,0
Aug.,5.1662,5.5347,5.8314,6.0254,6.3031,6.1545,6.6599,2003-04,0.6197999999999997,-0.575800000000001,0.12909999999999933,-0.09530000000000083,1.1956000000000007,0.5221999999999998,0.22440000000000015,0.3258000000000001,0.290556729974256,0.1456822684245863,0.5472000000000001,0,0.1894,1
Sep.,5.4571,5.6974,5.8986,6.0552,6.2469,6.2446,6.4759,2003-04,0.5472000000000001,-0.07259999999999955,0.1894,0.060300000000000686,0.6197999999999997,0.9756,0.12909999999999933,0.41520000000000046,0.3552555324457774,0.048206465679752945,0.9197999999999995,1,0.4029999999999996,1
Oct.,5.7363,5.9454,6.1546,6.4622,6.8134,6.8652,7.101,2003-04,0.9197999999999995,0.3725999999999994,0.4029999999999996,0.21359999999999957,0.5472000000000001,1.1956000000000007,0.1894,0.22440000000000015,0.19752701081117774,0.14392258335646893,1.1059999999999999,1,0.37239999999999984,0
Nov.,5.7806,6.0993,6.3954,6.8329,7.1576,7.2053,7.2926,2003-04,1.1059999999999999,0.18620000000000037,0.37239999999999984,-0.03059999999999974,0.9197999999999995,0.6197999999999997,0.4029999999999996,0.12909999999999933,0.28453430958907644,0.11550636346106473,0.6736000000000004,0,0.23380000000000045,0
Dec.,5.7912,5.9174,6.0917,6.3572,6.5152,6.591,6.7662,2003-04,0.6736000000000004,-0.43239999999999945,0.23380000000000045,-0.1385999999999994,1.1059999999999999,0.5472000000000001,0.37239999999999984,0.1894,0.216892692361912,0.09016185446184839,0.7328999999999999,1,0.274,1
Jan.,5.6824,5.9762,6.2861,6.4351,6.7139,6.7091,6.7733,2003-04,0.7328999999999999,0.059299999999999464,0.274,0.04019999999999957,0.6736000000000004,0.9197999999999995,0.23380000000000045,0.4029999999999996,0.2344105586359093,0.07130750311152137,0.6090999999999998,0,0.17520000000000024,0
Feb.,5.7395,5.8776,6.0854,6.3115,6.5183,6.4867,6.7837,2003-04,0.6090999999999998,-0.12380000000000013,0.17520000000000024,-0.09879999999999978,0.7328999999999999,1.1059999999999999,0.274,0.37239999999999984,0.061918198724870734,0.04968473944113103,0.7215999999999996,1,0.31989999999999963,1
Mar.,5.5157,5.9637,6.1115,6.3654,6.5343,6.6853,7.0045,2003-04,0.7215999999999996,0.11249999999999982,0.31989999999999963,0.14469999999999938,0.6090999999999998,0.6736000000000004,0.17520000000000024,0.23380000000000045,0.06844752247768043,0.07394405542931094,0.7953000000000001,1,0.3689,1
Apr.,4.9818,5.11,5.3307,5.5364,5.895,5.9053,6.1483,2002-03,0.7953000000000001,0.07370000000000054,0.3689,0.04900000000000038,0.7215999999999996,0.7328999999999999,0.31989999999999963,0.274,0.09377133535005559,0.10071310738925514,0.6021999999999998,0,0.49040000000000017,1
May,5.1133,5.2457,5.2937,5.3575,5.593,5.8479,5.9562,2002-03,0.6021999999999998,-0.19310000000000027,0.49040000000000017,0.12150000000000016,0.7953000000000001,0.6090999999999998,0.3689,0.17520000000000024,0.09744713096511656,0.08778145210312319,0.5892999999999997,0,0.3620000000000001,0
Jun.,5.2334,5.1436,5.205,5.3709,5.7942,5.7329,5.9195,2002-03,0.5892999999999997,-0.012900000000000134,0.3620000000000001,-0.12840000000000007,0.6021999999999998,0.7215999999999996,0.49040000000000017,0.31989999999999963,0.11539065531199925,0.07222236495712062,0.6468999999999996,1,0.3451999999999993,0
Jul.,4.8239,4.9737,5.0936,5.2754,5.4608,5.6206,5.8309,2002-03,0.6468999999999996,0.057599999999999874,0.3451999999999993,-0.016800000000000814,0.5892999999999997,0.7953000000000001,0.3620000000000001,0.3689,0.030227636361436768,0.0794269475681873,0.4885999999999999,0,0.3121999999999998,0
Aug.,4.7669,4.7734,4.8343,4.9498,5.1176,5.262,5.5153,2002-03,0.4885999999999999,-0.15829999999999966,0.3121999999999998,-0.032999999999999474,0.6468999999999996,0.6021999999999998,0.3451999999999993,0.49040000000000017,0.08012192791822087,0.025335350796853104,0.47389999999999954,0,0.44399999999999995,1
Sep.,4.6904,4.785,4.7954,4.8149,5.1681,5.2589,5.5038,2002-03,0.47389999999999954,-0.01470000000000038,0.44399999999999995,0.13180000000000014,0.4885999999999999,0.5892999999999997,0.3121999999999998,0.3620000000000001,0.09592008826795674,0.06858289388275271,0.4001000000000001,0,0.2937000000000003,0
Oct.,4.6751,4.7051,4.7347,4.8115,5.0838,5.1052,5.3675,2002-03,0.4001000000000001,-0.07379999999999942,0.2937000000000003,-0.15029999999999966,0.47389999999999954,0.6468999999999996,0.44399999999999995,0.3451999999999993,0.04742499341064076,0.08195891247041352,0.5411000000000001,1,0.27949999999999964,0
Nov.,4.4829,4.6022,4.7284,4.8638,5.0371,5.1433,5.6138,2002-03,0.5411000000000001,0.14100000000000001,0.27949999999999964,-0.014200000000000657,0.4001000000000001,0.4885999999999999,0.2937000000000003,0.3121999999999998,0.07052573998193375,0.09115186960964068,0.5186999999999999,0,0.31259999999999977,1
Dec.,4.5529,4.6181,4.6833,4.8242,5.1454,5.1368,5.5022,2002-03,0.5186999999999999,-0.022400000000000198,0.31259999999999977,0.03310000000000013,0.5411000000000001,0.47389999999999954,0.27949999999999964,0.44399999999999995,0.07577237843259671,0.01660552117017087,0.6185999999999998,1,0.22859999999999925,0
Jan.,4.4894,4.5725,4.7597,4.9625,5.1173,5.1911,5.5414,2002-03,0.6185999999999998,0.09989999999999988,0.22859999999999925,-0.08400000000000052,0.5186999999999999,0.4001000000000001,0.31259999999999977,0.2937000000000003,0.0524214014819578,0.04231315792201102,0.6042999999999994,0,0.2535999999999996,1
Feb.,4.2466,4.666,4.8485,5.0167,5.2041,5.2703,5.6459,2002-03,0.6042999999999994,-0.014300000000000423,0.2535999999999996,0.025000000000000355,0.6185999999999998,0.5411000000000001,0.22859999999999925,0.27949999999999964,0.05402446976447423,0.043131581623365646,0.5853999999999999,0,0.25950000000000006,1
Mar.,4.4462,4.5688,4.6208,4.8947,5.0928,5.1542,5.4149,2002-03,0.5853999999999999,-0.018899999999999473,0.25950000000000006,0.00590000000000046,0.6042999999999994,0.5186999999999999,0.2535999999999996,0.31259999999999977,0.016653027752711953,0.01640436933664527,1.0646000000000004,1,0.6622000000000003,1
Apr.,6.3246,6.3306,6.4957,6.733,7.0887,7.3952,7.7059,2001-02,1.0646000000000004,0.4792000000000005,0.6622000000000003,0.4027000000000003,0.5853999999999999,0.6185999999999998,0.25950000000000006,0.22859999999999925,0.27137487601716703,0.234220714996204,0.6613999999999995,0,0.3940999999999999,0
May,6.8175,6.9915,7.0328,7.2588,7.4907,7.6529,8.0139,2001-02,0.6613999999999995,-0.4032000000000009,0.3940999999999999,-0.26810000000000045,1.0646000000000004,0.6042999999999994,0.6622000000000003,0.2535999999999996,0.25754574998111057,0.20500490238040547,1.0229999999999997,1,0.5335000000000001,1
Jun.,6.2956,6.5471,6.6358,7.0366,7.2178,7.5701,7.9772,2001-02,1.0229999999999997,0.36160000000000014,0.5335000000000001,0.1394000000000002,0.6613999999999995,0.5853999999999999,0.3940999999999999,0.25950000000000006,0.22175638284688134,0.13408558212325736,1.0284000000000004,1,0.7000000000000002,1
Jul.,6.2149,6.3449,6.368,6.6733,6.9775,7.3733,7.6046,2001-02,1.0284000000000004,0.0054000000000007375,0.7000000000000002,0.1665000000000001,1.0229999999999997,1.0646000000000004,0.5335000000000001,0.6622000000000003,0.21034603236888638,0.15314993742516764,1.0622999999999996,1,0.7088000000000001,1
Aug.,5.9593,6.0937,6.1983,6.4472,6.7752,7.156,7.4352,2001-02,1.0622999999999996,0.03389999999999915,0.7088000000000001,0.008799999999999919,1.0284000000000004,0.6613999999999995,0.7000000000000002,0.3940999999999999,0.0213028167151453,0.09876721790823415,1.2173000000000007,1,0.8267000000000007,1
Sep.,5.8572,5.9803,6.1035,6.3709,6.781,7.1976,7.3963,2001-02,1.2173000000000007,0.15500000000000114,0.8267000000000007,0.11790000000000056,1.0622999999999996,1.0229999999999997,0.7088000000000001,0.5335000000000001,0.10071198207429169,0.07074689628056142,1.1480999999999995,0,0.7667999999999999,0
Oct.,5.767,5.831,5.9174,6.2123,6.5923,6.9791,7.1518,2001-02,1.1480999999999995,-0.06920000000000126,0.7667999999999999,-0.05990000000000073,1.2173000000000007,1.0284000000000004,0.8267000000000007,0.7000000000000002,0.07764800920392252,0.05895255154217227,0.8685,0,0.4828999999999999,0
Nov.,5.5128,5.5888,5.6849,5.9744,6.1586,6.4573,6.7054,2001-02,0.8685,-0.2795999999999994,0.4828999999999999,-0.28390000000000004,1.1480999999999995,1.0622999999999996,0.7667999999999999,0.7088000000000001,0.18467369421044363,0.1836598577080268,0.45980000000000043,0,0.3468,0
Dec.,5.62,5.622,5.6585,5.735,5.8772,6.0818,6.189,2001-02,0.45980000000000043,-0.4086999999999996,0.3468,-0.1360999999999999,0.8685,1.2173000000000007,0.4828999999999999,0.8267000000000007,0.34616199001815934,0.21429046486797482,0.5082000000000004,1,0.2522000000000002,0
Jan.,5.7205,5.8308,5.8751,6.0868,6.2958,6.339,6.4697,2001-02,0.5082000000000004,0.0484,0.2522000000000002,-0.0945999999999998,0.45980000000000043,1.1480999999999995,0.3468,0.7667999999999999,0.22330634414035952,0.11597044163636236,0.25070000000000014,0,0.2599,1
Feb.,5.8786,5.9814,6.0965,5.9722,6.1497,6.2321,6.5401,2001-02,0.25070000000000014,-0.2575000000000003,0.2599,0.007699999999999818,0.5082000000000004,0.8685,0.2522000000000002,0.4828999999999999,0.13685248749413736,0.052535797319539265,0.4588000000000001,1,0.2807000000000004,1
Mar.,5.6192,5.7348,5.9434,5.9129,6.1868,6.1936,6.4444,2001-02,0.4588000000000001,0.20809999999999995,0.2807000000000004,0.020800000000000374,0.25070000000000014,0.45980000000000043,0.2599,0.3468,0.13665785743966452,0.014743247041716367,1.1616999999999997,1,0.6765999999999988,1
Apr.,8.852,8.9162,9.1461,9.4013,9.7182,10.0779,10.602,2000-01,1.1616999999999997,0.7028999999999996,0.6765999999999988,0.39589999999999836,0.4588000000000001,0.5082000000000004,0.2807000000000004,0.2522000000000002,0.47737040475225584,0.2348078434237931,1.1815999999999995,1,0.8125999999999998,1
May,8.4269,8.5333,8.7375,8.9023,9.3619,9.7149,9.895,2000-01,1.1815999999999995,0.019899999999999807,0.8125999999999998,0.136000000000001,1.1616999999999997,0.25070000000000014,0.6765999999999988,0.2599,0.411684397728809,0.27633024324769895,1.4171999999999993,1,0.982899999999999,1
Jun.,7.8907,8.0379,8.168,8.4722,8.9387,9.4551,9.687,2000-01,1.4171999999999993,0.2355999999999998,0.982899999999999,0.17029999999999923,1.1815999999999995,0.4588000000000001,0.8125999999999998,0.2807000000000004,0.14211709960451177,0.1534697472902479,1.7778999999999998,1,1.194799999999999,1
Jul.,7.3215,7.483,7.6466,8.0661,8.5559,9.2609,9.76,2000-01,1.7778999999999998,0.36070000000000046,1.194799999999999,0.21189999999999998,1.4171999999999993,1.1616999999999997,0.982899999999999,0.6765999999999988,0.3003291361156934,0.19147695248601648,1.9626000000000001,1,1.5080999999999998,1
Aug.,7.094,7.1768,7.2996,7.6313,8.2842,9.1394,9.5685,2000-01,1.9626000000000001,0.1847000000000003,1.5080999999999998,0.3133000000000008,1.7778999999999998,1.1815999999999995,1.194799999999999,0.8125999999999998,0.2773925437594383,0.26422639913528523,1.7893000000000008,0,1.3329000000000004,0
Sep.,7.3057,7.3575,7.4362,7.8139,8.4738,9.1468,9.7135,2000-01,1.7893000000000008,-0.17329999999999934,1.3329000000000004,-0.17519999999999936,1.9626000000000001,1.4171999999999993,1.5080999999999998,0.982899999999999,0.10350276968918061,0.1570156786226528,1.8255000000000008,1,1.4212000000000007,1
Oct.,6.8697,6.9638,7.0358,7.3681,8.0441,8.7893,9.3678,2000-01,1.8255000000000008,0.03620000000000001,1.4212000000000007,0.08830000000000027,1.7893000000000008,1.7778999999999998,1.3329000000000004,1.194799999999999,0.09141456849611825,0.0876009322629158,1.1132999999999997,0,0.9597999999999995,0
Nov.,6.7481,6.8106,6.8626,6.9641,7.4631,7.9239,8.1134,2000-01,1.1132999999999997,-0.712200000000001,0.9597999999999995,-0.46140000000000114,1.8255000000000008,1.9626000000000001,1.4212000000000007,1.5080999999999998,0.4011473710911394,0.2449117051782794,0.7955000000000005,0,0.6181000000000001,0
Dec.,7.3521,7.4711,7.5493,7.6485,7.9131,8.2666,8.5914,2000-01,0.7955000000000005,-0.3177999999999992,0.6181000000000001,-0.34169999999999945,1.1132999999999997,1.7893000000000008,0.9597999999999995,1.3329000000000004,0.5274349375357422,0.40303400600941763,0.9241999999999999,1,0.7084999999999999,1
Jan.,6.6351,6.7232,6.7862,6.9389,7.3184,7.6474,8.0972,2000-01,0.9241999999999999,0.12869999999999937,0.7084999999999999,0.09039999999999981,0.7955000000000005,1.8255000000000008,0.6181000000000001,1.4212000000000007,0.1598537560814013,0.17705118845501286,0.8878000000000004,0,0.4691000000000001,0
Feb.,6.6096,6.5847,6.6453,7.0034,7.1323,7.4725,7.6017,2000-01,0.8878000000000004,-0.036399999999999544,0.4691000000000001,-0.23939999999999984,0.9241999999999999,1.1132999999999997,0.7084999999999999,0.9597999999999995,0.06634247005751495,0.12088942606089542,1.1014,1,0.7190000000000003,1
Mar.,5.7633,6.2423,6.4009,6.6247,7.1103,7.3437,7.4667,2000-01,1.1014,0.21359999999999957,0.7190000000000003,0.24990000000000023,0.8878000000000004,0.7955000000000005,0.4691000000000001,0.6181000000000001,0.11427288975663576,0.14134627692302107,-0.4408999999999992,0,-0.9452999999999996,0
Apr.,10.4715,10.8072,10.9952,11.3116,10.0547,10.3663,10.5759,1999-00,-0.4408999999999992,-1.5422999999999991,-0.9452999999999996,-1.6643,1.1014,0.9241999999999999,0.7190000000000003,0.7084999999999999,0.8356392702596009,0.8974846201096334,-0.10650000000000048,1,-0.49179999999999957,1
May,10.5796,10.9251,11.097,11.3104,10.37,10.8186,11.042,1999-00,-0.10650000000000048,0.3343999999999987,-0.49179999999999957,0.4535,-0.4408999999999992,0.8878000000000004,-0.9452999999999996,0.4691000000000001,0.811329676107889,0.8603868684105617,0.17130000000000045,1,-0.2721,1
Jun.,10.4013,10.9291,11.0444,11.3725,10.7295,11.1004,11.1941,1999-00,0.17130000000000045,0.27780000000000094,-0.2721,0.21969999999999956,-0.10650000000000048,1.1014,-0.49179999999999957,0.7190000000000003,0.3065357619158529,0.3432998155160201,0.7219000000000015,1,0.11150000000000126,1
Jul.,10.2791,10.5781,10.892,11.1885,11.079,11.3,11.4169,1999-00,0.7219000000000015,0.5506000000000011,0.11150000000000126,0.3836000000000013,0.17130000000000045,-0.4408999999999992,-0.2721,-0.9452999999999996,0.42161984456774954,0.30533804763464,0.9097999999999988,1,0.37289999999999957,1
Aug.,10.2891,10.4617,10.6279,10.9986,11.2499,11.3715,11.4984,1999-00,0.9097999999999988,0.1878999999999973,0.37289999999999957,0.2613999999999983,0.7219000000000015,-0.10650000000000048,0.11150000000000126,-0.49179999999999957,0.383807464752835,0.3244235708658253,1.1846999999999994,1,0.8286999999999995,1
Sep.,10.5236,10.6204,10.732,10.9764,11.3065,11.8051,,1999-00,1.1846999999999994,0.2749000000000006,0.8286999999999995,0.4558,0.9097999999999988,0.17130000000000045,0.37289999999999957,-0.2721,0.2327589096039045,0.3629645161720346,0.9823999999999984,0,0.642199999999999,0
Oct.,10.4471,10.6254,10.7296,10.9656,11.2726,11.6078,,1999-00,0.9823999999999984,-0.20230000000000103,0.642199999999999,-0.18650000000000055,1.1846999999999994,0.7219000000000015,0.8286999999999995,0.11150000000000126,0.1424582160962732,0.22915001636482515,0.8832000000000004,0,0.5338999999999992,0
Nov.,10.3921,10.5177,10.6455,10.867,11.0249,11.4009,11.6035,1999-00,0.8832000000000004,-0.09919999999999796,0.5338999999999992,-0.10829999999999984,0.9823999999999984,0.9097999999999988,0.642199999999999,0.37289999999999957,0.15365989500625157,0.14911862168533158,0.6851000000000003,0,0.2279,0
Dec.,10.0945,10.2508,10.3975,10.708,10.6509,10.9359,11.223,1999-00,0.6851000000000003,-0.19810000000000016,0.2279,-0.30599999999999916,0.8832000000000004,1.1846999999999994,0.5338999999999992,0.8286999999999995,0.15136685017972776,0.21486793618406513,0.36079999999999934,0,0.057299999999999685,0
Jan.,9.9931,10.1234,10.2212,10.4269,10.1806,10.4842,10.7617,1999-00,0.36079999999999934,-0.3243000000000009,0.057299999999999685,-0.1706000000000003,0.6851000000000003,0.9823999999999984,0.2279,0.642199999999999,0.26372835140221973,0.2414842713994702,0.41999999999999993,1,0.05030000000000001,0
Feb.,9.5702,9.6247,9.7504,9.9944,9.6839,10.0447,10.5189,1999-00,0.41999999999999993,0.059200000000000585,0.05030000000000001,-0.006999999999999673,0.36079999999999934,0.8832000000000004,0.057299999999999685,0.5338999999999992,0.17270067554393798,0.10057759856614804,-0.015499999999999403,0,-0.17490000000000094,0
Mar.,10.3864,10.2892,10.3543,10.4486,9.8594,10.2737,10.7044,1999-00,-0.015499999999999403,-0.43549999999999933,-0.17490000000000094,-0.22520000000000095,0.41999999999999993,0.6851000000000003,0.05030000000000001,0.2279,0.23620844608099606,0.13208638587429583,2.0576999999999988,1,0.8551000000000002,1
Apr.,8.667,9.8617,10.4726,11.0643,11.5509,11.9194,,1998-99,2.0576999999999988,2.073199999999998,0.8551000000000002,1.0300000000000011,-0.015499999999999403,0.36079999999999934,-0.17490000000000094,0.057299999999999685,1.0931513908573371,0.5414976269569428,0.8374000000000006,0,0.47189999999999976,0
May,10.9301,11.2938,11.4221,11.6593,11.8789,12.1312,,1998-99,0.8374000000000006,-1.2202999999999982,0.47189999999999976,-0.38320000000000043,2.0576999999999988,0.41999999999999993,0.8551000000000002,0.05030000000000001,1.042011575431545,0.5205914072795802,1.015699999999999,1,0.3736999999999995,0
Jun.,10.2601,11.0929,11.3782,11.7349,11.8844,12.1086,,1998-99,1.015699999999999,0.17829999999999835,0.3736999999999995,-0.09820000000000029,0.8374000000000006,-0.015499999999999403,0.47189999999999976,-0.17490000000000094,0.6591265659947247,0.2543722469138488,1.0126999999999988,0,0.3290999999999986,0
Jul.,9.9241,11.1796,11.5195,11.8632,12.0167,12.1923,,1998-99,1.0126999999999988,-0.0030000000000001137,0.3290999999999986,-0.04460000000000086,1.015699999999999,2.0576999999999988,0.3736999999999995,0.8551000000000002,0.1020865482486907,0.07305732908704836,1.1608,1,0.4400000000000013,1
Aug.,10.0718,11.0393,11.5416,11.7601,11.9157,12.2001,,1998-99,1.1608,0.14810000000000123,0.4400000000000013,0.11090000000000266,1.0126999999999988,0.8374000000000006,0.3290999999999986,0.47189999999999976,0.08465284007836103,0.05580271797442629,0.803700000000001,0,0.40859999999999985,0
Sep.,10.9511,11.4683,11.6188,11.8634,12.1736,12.272,,1998-99,0.803700000000001,-0.3570999999999991,0.40859999999999985,-0.03140000000000143,1.1608,1.015699999999999,0.4400000000000013,0.3736999999999995,0.17941340529625682,0.05716207950497734,0.7965999999999998,0,0.354000000000001,0
Oct.,10.8969,11.4981,11.6549,11.9407,12.0958,12.2947,,1998-99,0.7965999999999998,-0.0071000000000012164,0.354000000000001,-0.05459999999999887,0.803700000000001,1.0126999999999988,0.40859999999999985,0.3290999999999986,0.2082516346474437,0.043518425216604574,0.8356999999999992,1,0.4057999999999993,1
Nov.,10.7167,11.3864,11.5748,11.8163,12.1,12.2221,,1998-99,0.8356999999999992,0.03909999999999947,0.4057999999999993,0.05179999999999829,0.7965999999999998,1.1608,0.354000000000001,0.4400000000000013,0.020829546322449887,0.030746923965384795,0.8641000000000005,1,0.4025999999999996,0
Dec.,10.8064,11.3685,11.5631,11.83,12.0675,12.2326,,1998-99,0.8641000000000005,0.028400000000001313,0.4025999999999996,-0.0031999999999996476,0.8356999999999992,0.803700000000001,0.4057999999999993,0.40859999999999985,0.03389105093284162,0.029027113761673797,0.9673000000000016,1,0.4442000000000004,1
Jan.,10.6519,11.2816,11.5068,11.8047,12.058,12.2489,,1998-99,0.9673000000000016,0.10320000000000107,0.4442000000000004,0.04160000000000075,0.8641000000000005,0.7965999999999998,0.4025999999999996,0.354000000000001,0.06925238864712606,0.023149370041822357,1.0191,1,0.44870000000000054,1
Feb.,10.94,11.3115,11.5751,11.8819,12.0636,12.3306,,1998-99,1.0191,0.05179999999999829,0.44870000000000054,0.0045000000000001705,0.9673000000000016,0.8356999999999992,0.4442000000000004,0.4057999999999993,0.07890762531804144,0.025416595628313804,1.0063000000000013,0,0.4781000000000013,1
Mar.,10.6531,11.0261,11.1969,11.5543,11.7484,12.0324,,1998-99,1.0063000000000013,-0.01279999999999859,0.4781000000000013,0.02940000000000076,1.0191,0.8641000000000005,0.44870000000000054,0.4025999999999996,0.02698172220842098,0.018411137933323826,,0,,0
